"DESCRIPTION","DURATION IN MS","NAME","PARENT SUITE","START TIME","STATUS","STOP TIME","SUB SUITE","SUITE","TEST CLASS","TEST METHOD"
"","0","A11Y_02: Image Alternative Text Scan Failure @regression @chaos @a11y","mobile-safari","2026-09-05","skipped","2026-09-05","Accessibility (a11y) Scans Suite","ui/A11y/Test_007_A11yScanValidation.spec.ts","",""
"","0","Testcase 2: Negative: POST /api/register should reject empty username @regression","webkit","2026-09-05","skipped","2026-09-05","Register User API - Positive, Negative, Contract and Security","api/UserManagement/Test_001_RegisterAndLoginUser.spec.ts","",""
"","0","UI_CAT_03: Search Filtering @regression","webkit","2026-09-05","skipped","2026-09-05","Book Catalog Search and Detail View","ui/BookCatalog/Test_002_SearchAndDetailCatalog.spec.ts","",""
"","184","Testcase 5: Security: POST /api/register should handle oversized username without server error or sensitive leakage @regression","chromium","2026-09-05","passed","2026-09-05","Register User API - Positive, Negative, Contract and Security","api/UserManagement/Test_001_RegisterAndLoginUser.spec.ts","",""
"","938","UI_STYLE_01: Retained Automation Selectors @smoke @regression","mobile-chrome","2026-09-05","passed","2026-09-05","Modern UI Styling & Layout Suite","ui/Styling/Test_009_UIStyleAndLayoutValidation.spec.ts","",""
"","0","UI_CHECK_01: Checkout Form Validation @regression","mobile-safari","2026-09-05","skipped","2026-09-05","Cart Management and Checkout Validation","ui/Checkout/Test_003_CartAndCheckoutValidation.spec.ts","",""
"","175","API_VIS_04: Combine with Other Chaos Params @regression @chaos","mobile-chrome","2026-09-05","passed","2026-09-05","Visual Chaos Configuration API Suite","api/ChaosAndTesting/Test_002_VisualChaosApi.spec.ts","",""
"","0","Testcase 12: Security: POST /api/login should reject unsupported content type @regression","webkit","2026-09-05","skipped","2026-09-05","Login API - Positive, Negative and Security","api/UserManagement/Test_001_RegisterAndLoginUser.spec.ts","",""
"","0","Testcase 5: Security: POST /api/register should handle script tag in fullName without server error or sensitive leakage @regression","mobile-safari","2026-09-05","skipped","2026-09-05","Register User API - Positive, Negative, Contract and Security","api/UserManagement/Test_001_RegisterAndLoginUser.spec.ts","",""
"","127","Testcase 6: Security: POST /api/register should reject unsupported content type @regression","mobile-chrome","2026-09-05","passed","2026-09-05","Register User API - Positive, Negative, Contract and Security","api/UserManagement/Test_001_RegisterAndLoginUser.spec.ts","",""
"","0","Testcase 9: Negative: POST /api/login should reject missing password @regression","mobile-safari","2026-09-05","skipped","2026-09-05","Login API - Positive, Negative and Security","api/UserManagement/Test_001_RegisterAndLoginUser.spec.ts","",""
"","0","Testcase 5: Security: POST /api/register should handle script tag in fullName without server error or sensitive leakage @regression","firefox","2026-09-05","skipped","2026-09-05","Register User API - Positive, Negative, Contract and Security","api/UserManagement/Test_001_RegisterAndLoginUser.spec.ts","",""
"","0","Testcase 11: Security: POST /api/login should handle script tag in username without server error or sensitive leakage @regression","mobile-safari","2026-09-05","skipped","2026-09-05","Login API - Positive, Negative and Security","api/UserManagement/Test_001_RegisterAndLoginUser.spec.ts","",""
"","0","Testcase 3: Login Validation Errors @regression","firefox","2026-09-05","skipped","2026-09-05","Login With Existing User","ui/UserManagement/Test_002_LoginWithExistingUser.spec.ts","",""
"","1562","Testcase 1: Register New User @smoke @regression","chromium","2026-09-05","passed","2026-09-05","Register New User","ui/UserManagement/Test_001_RegisterUser.spec.ts","",""
"","136","Testcase 2: Negative: POST /api/register should reject missing username @regression","chromium","2026-09-05","passed","2026-09-05","Register User API - Positive, Negative, Contract and Security","api/UserManagement/Test_001_RegisterAndLoginUser.spec.ts","",""
"","1762","Testcase 2: GET /api/books?page=2&limit=8 - should return a paged book list with valid contract for page 2 @smoke @regression","mobile-chrome","2026-09-05","passed","2026-09-05","Books API - List and Security","api/BookCatalog/Test_001_BooksApi.spec.ts","",""
"","0","A11Y_01: Standard Accessibility Compliance @smoke @regression @a11y","webkit","2026-09-05","skipped","2026-09-05","Accessibility (a11y) Scans Suite","ui/A11y/Test_007_A11yScanValidation.spec.ts","",""
"","0","API_CART_01: Cart persistence after server crash @smoke @regression","webkit","2026-09-05","skipped","2026-09-05","Cart & Inventory API","api/CartAndInventory/Test_001_CartAndInventoryApi.spec.ts","",""
"","0","Testcase 11: Security: POST /api/login should handle oversized username without server error or sensitive leakage @regression","webkit","2026-09-05","skipped","2026-09-05","Login API - Positive, Negative and Security","api/UserManagement/Test_001_RegisterAndLoginUser.spec.ts","",""
"","0","API_VIS_04: Combine with Other Chaos Params @regression @chaos","firefox","2026-09-05","skipped","2026-09-05","Visual Chaos Configuration API Suite","api/ChaosAndTesting/Test_002_VisualChaosApi.spec.ts","",""
"","1296","VIS_REG_08: Book Card Text Line Height Chaos @regression @chaos","chromium","2026-09-05","passed","2026-09-05","Visual Regression & Layout Chaos Suite","ui/VisualRegression/Test_010_VisualRegressionChaos.spec.ts","",""
"","0","VIS_REG_09: Reset Restores Visual Baseline @regression @chaos","firefox","2026-09-05","skipped","2026-09-05","Visual Regression & Layout Chaos Suite","ui/VisualRegression/Test_010_VisualRegressionChaos.spec.ts","",""
"","0","Testcase 2: Negative: POST /api/register should reject missing password @regression","webkit","2026-09-05","skipped","2026-09-05","Register User API - Positive, Negative, Contract and Security","api/UserManagement/Test_001_RegisterAndLoginUser.spec.ts","",""
"","0","Testcase 13: Security: GET /api/cart without auth cookies should return 401 Unauthorized @smoke @regression","firefox","2026-09-05","skipped","2026-09-05","Login API - Positive, Negative and Security","api/UserManagement/Test_001_RegisterAndLoginUser.spec.ts","",""
"","239","Testcase 11: Security: POST /api/login should handle oversized username without server error or sensitive leakage @regression","mobile-chrome","2026-09-05","passed","2026-09-05","Login API - Positive, Negative and Security","api/UserManagement/Test_001_RegisterAndLoginUser.spec.ts","",""
"","0","WS_RESIL_01: Automatic Connection Recovery @regression @chaos","firefox","2026-09-05","skipped","2026-09-05","WebSockets Event & Resilience Suite","ui/WebSockets/Test_008_WebSocketResilienceValidation.spec.ts","",""
"","0","Testcase 3: Pagination: Standard page 2 (page=2, limit=5) @regression","webkit","2026-09-05","skipped","2026-09-05","Books API - List and Security","api/BookCatalog/Test_001_BooksApi.spec.ts","",""
"","0","WS_RESIL_01: Automatic Connection Recovery @regression @chaos","webkit","2026-09-05","skipped","2026-09-05","WebSockets Event & Resilience Suite","ui/WebSockets/Test_008_WebSocketResilienceValidation.spec.ts","",""
"","1241","UI_CAT_05: Book Detail View @smoke @regression","mobile-chrome","2026-09-05","passed","2026-09-05","Book Catalog Search and Detail View","ui/BookCatalog/Test_002_SearchAndDetailCatalog.spec.ts","",""
"","1624","VIS_REG_03: Book Card Border Color Assertion @regression @chaos","chromium","2026-09-05","passed","2026-09-05","Visual Regression & Layout Chaos Suite","ui/VisualRegression/Test_010_VisualRegressionChaos.spec.ts","",""
"","1447","UI_STYLE_03: Hover Animation CSS Verification @regression","mobile-chrome","2026-09-05","passed","2026-09-05","Modern UI Styling & Layout Suite","ui/Styling/Test_009_UIStyleAndLayoutValidation.spec.ts","",""
"","0","API_VIS_03: Invalid Type Rejected @regression","firefox","2026-09-05","skipped","2026-09-05","Visual Chaos Configuration API Suite","api/ChaosAndTesting/Test_002_VisualChaosApi.spec.ts","",""
"","0","Testcase 11: Security: POST /api/login should handle SQL injection pattern in username without server error or sensitive leakage @regression","mobile-safari","2026-09-05","skipped","2026-09-05","Login API - Positive, Negative and Security","api/UserManagement/Test_001_RegisterAndLoginUser.spec.ts","",""
"","0","UI_UPL_03: File Size Limit Validation @smoke @regression","webkit","2026-09-05","skipped","2026-09-05","Profile Picture Upload","ui/Profile/Test_005_ProfilePictureUpload.spec.ts","",""
"","0","Testcase 7: Positive and Contract: POST /api/login should login a registered user successfully @smoke @regression","firefox","2026-09-05","skipped","2026-09-05","Login API - Positive, Negative and Security","api/UserManagement/Test_001_RegisterAndLoginUser.spec.ts","",""
"","0","UI_CHECK_01: Checkout Form Validation @regression","firefox","2026-09-05","skipped","2026-09-05","Cart Management and Checkout Validation","ui/Checkout/Test_003_CartAndCheckoutValidation.spec.ts","",""
"","0","Testcase 1: Complete book purchase successfully @smoke @regression","mobile-safari","2026-09-05","skipped","2026-09-05","Complete Book Purchase","ui/Checkout/Test_001_CompleteBookPurchase.spec.ts","",""
"","0","Testcase 1: GET /api/books?page=1&limit=8 - should return a paged book list with valid contract for page 1 @smoke @regression","firefox","2026-09-05","skipped","2026-09-05","Books API - List and Security","api/BookCatalog/Test_001_BooksApi.spec.ts","",""
"","0","API_CHAOS_02: Inject API latency @smoke @regression @chaos","mobile-safari","2026-09-05","skipped","2026-09-05","Chaos and Testing Utilities API","api/ChaosAndTesting/Test_001_ChaosAndTestingApi.spec.ts","",""
"","0","Testcase 11: Security: POST /api/login should handle script tag in username without server error or sensitive leakage @regression","webkit","2026-09-05","skipped","2026-09-05","Login API - Positive, Negative and Security","api/UserManagement/Test_001_RegisterAndLoginUser.spec.ts","",""
"","0","Testcase 3: Pagination: Exceeding total pages (page=9999, limit=10) @regression","webkit","2026-09-05","skipped","2026-09-05","Books API - List and Security","api/BookCatalog/Test_001_BooksApi.spec.ts","",""
"","393","API_CHAOS_01: Inject checkout failures @smoke @regression @chaos","chromium","2026-09-05","passed","2026-09-05","Chaos and Testing Utilities API","api/ChaosAndTesting/Test_001_ChaosAndTestingApi.spec.ts","",""
"","0","Testcase 1: Complete checkout after cart persists across logout and login @smoke @regression","firefox","2026-09-05","skipped","2026-09-05","Cart Persistence Checkout","ui/Checkout/Test_002_CartPersistenceCheckout.spec.ts","",""
"","201","Testcase 9: Negative: POST /api/login should reject missing username @regression","chromium","2026-09-05","passed","2026-09-05","Login API - Positive, Negative and Security","api/UserManagement/Test_001_RegisterAndLoginUser.spec.ts","",""
"","331","API_REF_02: Refresh Token Issuance @smoke @regression","mobile-chrome","2026-09-05","passed","2026-09-05","Token Refresh and Profile Upload API Suite","api/UserManagement/Test_002_TokenRefreshAndProfileApi.spec.ts","",""
"","12052","Testcase 1: Complete checkout after cart persists across logout and login @smoke @regression","chromium","2026-09-05","passed","2026-09-05","Cart Persistence Checkout","ui/Checkout/Test_002_CartPersistenceCheckout.spec.ts","",""
"","0","API_ORD_01: Authenticate user, complete checkout via API, and verify GET /api/orders history response @smoke @regression","mobile-safari","2026-09-05","skipped","2026-09-05","Orders API Endpoint","api/CartAndInventory/Test_002_OrdersApi.spec.ts","",""
"","1301","UI_STYLE_04: HSL CSS Variable Theme Verification @regression","chromium","2026-09-05","passed","2026-09-05","Modern UI Styling & Layout Suite","ui/Styling/Test_009_UIStyleAndLayoutValidation.spec.ts","",""
"","165","Testcase 2: Negative: POST /api/register should reject empty username @regression","mobile-chrome","2026-09-05","passed","2026-09-05","Register User API - Positive, Negative, Contract and Security","api/UserManagement/Test_001_RegisterAndLoginUser.spec.ts","",""
"","0","Testcase 13: Security: GET /api/cart without auth cookies should return 401 Unauthorized @smoke @regression","webkit","2026-09-05","skipped","2026-09-05","Login API - Positive, Negative and Security","api/UserManagement/Test_001_RegisterAndLoginUser.spec.ts","",""
"","3960","UI_UPL_02: File Extension Filter Validation @smoke @regression","chromium","2026-09-05","passed","2026-09-05","Profile Picture Upload","ui/Profile/Test_005_ProfilePictureUpload.spec.ts","",""
"","0","A11Y_01: Standard Accessibility Compliance @smoke @regression @a11y","mobile-safari","2026-09-05","skipped","2026-09-05","Accessibility (a11y) Scans Suite","ui/A11y/Test_007_A11yScanValidation.spec.ts","",""
"","0","Testcase 3: Pagination: Minimum limit (page=1, limit=1) @regression","firefox","2026-09-05","skipped","2026-09-05","Books API - List and Security","api/BookCatalog/Test_001_BooksApi.spec.ts","",""
"","0","API_VIS_04: Combine with Other Chaos Params @regression @chaos","webkit","2026-09-05","skipped","2026-09-05","Visual Chaos Configuration API Suite","api/ChaosAndTesting/Test_002_VisualChaosApi.spec.ts","",""
"","0","Testcase 9: Negative: POST /api/login should reject empty username @regression","mobile-safari","2026-09-05","skipped","2026-09-05","Login API - Positive, Negative and Security","api/UserManagement/Test_001_RegisterAndLoginUser.spec.ts","",""
"","2747","TC-CONC-001: Concurrent buyers competing for final stock unit (stock = 1) results in exactly one 200 OK and one 409 Conflict @smoke @regression @chaos","chromium","2026-09-05","passed","2026-09-05","Concurrent Stock Race Condition & Chaos Dashboard Resilience","ui/Checkout/Test_007_ConcurrentStockRaceCondition.spec.ts","",""
"","19166","Testcase 1: Complete New Customer E2E Journey from Registration to Checkout @smoke @regression","mobile-chrome","2026-09-05","failed","2026-09-05","End-to-End User Journey","ui/Checkout/Test_005_EndToEndNewCustomerJourney.spec.ts","",""
"","232","Testcase 9: Negative: POST /api/login should reject empty username @regression","mobile-chrome","2026-09-05","passed","2026-09-05","Login API - Positive, Negative and Security","api/UserManagement/Test_001_RegisterAndLoginUser.spec.ts","",""
"","0","WS_EVENT_01: Broadcasted Event Reception @smoke @regression","mobile-safari","2026-09-05","skipped","2026-09-05","WebSockets Event & Resilience Suite","ui/WebSockets/Test_008_WebSocketResilienceValidation.spec.ts","",""
"","4840","UI_CHECK_01: Checkout Form Validation @regression","chromium","2026-09-05","passed","2026-09-05","Cart Management and Checkout Validation","ui/Checkout/Test_003_CartAndCheckoutValidation.spec.ts","",""
"","0","Testcase 2: Negative: POST /api/register should reject missing username @regression","firefox","2026-09-05","skipped","2026-09-05","Register User API - Positive, Negative, Contract and Security","api/UserManagement/Test_001_RegisterAndLoginUser.spec.ts","",""
"","2531","VIS_REG_07: Checkout Button Margin Shift @regression @chaos","chromium","2026-09-05","passed","2026-09-05","Visual Regression & Layout Chaos Suite","ui/VisualRegression/Test_010_VisualRegressionChaos.spec.ts","",""
"","0","VIS_REG_09: Reset Restores Visual Baseline @regression @chaos","mobile-safari","2026-09-05","skipped","2026-09-05","Visual Regression & Layout Chaos Suite","ui/VisualRegression/Test_010_VisualRegressionChaos.spec.ts","",""
"","0","API_REF_01: Dynamic Access Token Expiry @smoke @regression @chaos","webkit","2026-09-05","skipped","2026-09-05","Token Refresh and Profile Upload API Suite","api/UserManagement/Test_002_TokenRefreshAndProfileApi.spec.ts","",""
"","1335","UI_CAT_03: Search Filtering @regression","mobile-chrome","2026-09-05","passed","2026-09-05","Book Catalog Search and Detail View","ui/BookCatalog/Test_002_SearchAndDetailCatalog.spec.ts","",""
"","0","A11Y_04: Text Color Contrast Scan Failure @regression @chaos @a11y","firefox","2026-09-05","skipped","2026-09-05","Accessibility (a11y) Scans Suite","ui/A11y/Test_007_A11yScanValidation.spec.ts","",""
"","0","UI_AUTH_06: Direct unauthenticated navigation to protected routes redirects to Login @smoke @regression","firefox","2026-09-05","skipped","2026-09-05","Protected Route Access Guard","ui/UserManagement/Test_003_ProtectedRouteGuard.spec.ts","",""
"","0","VIS_REG_06: Price Tag Rotation Assertion @regression @chaos","mobile-safari","2026-09-05","skipped","2026-09-05","Visual Regression & Layout Chaos Suite","ui/VisualRegression/Test_010_VisualRegressionChaos.spec.ts","",""
"","10476","Testcase 1: Complete book purchase successfully @smoke @regression","chromium","2026-09-05","passed","2026-09-05","Complete Book Purchase","ui/Checkout/Test_001_CompleteBookPurchase.spec.ts","",""
"","137","API_VIS_03: Invalid Type Rejected @regression","chromium","2026-09-05","passed","2026-09-05","Visual Chaos Configuration API Suite","api/ChaosAndTesting/Test_002_VisualChaosApi.spec.ts","",""
"","1898","VIS_REG_07: Checkout Button Margin Shift @regression @chaos","mobile-chrome","2026-09-05","passed","2026-09-05","Visual Regression & Layout Chaos Suite","ui/VisualRegression/Test_010_VisualRegressionChaos.spec.ts","",""
"","0","Testcase 2: Negative: POST /api/register should reject missing password @regression","firefox","2026-09-05","skipped","2026-09-05","Register User API - Positive, Negative, Contract and Security","api/UserManagement/Test_001_RegisterAndLoginUser.spec.ts","",""
"","464","Testcase 7: Defaults: Verify API works without query parameters @smoke @regression","chromium","2026-09-05","passed","2026-09-05","Books API - List and Security","api/BookCatalog/Test_001_BooksApi.spec.ts","",""
"","7804","UI_PROF_01: Verify user account profile summary and avatar preview render correctly @smoke @regression","chromium","2026-09-05","passed","2026-09-05","Profile Summary and Order History","ui/Profile/Test_006_ProfileSummaryAndOrderHistory.spec.ts","",""
"","5303","UI_WIZ_02: Validation Messaging Validation @regression","chromium","2026-09-05","passed","2026-09-05","Multi-Step Checkout Wizard","ui/Checkout/Test_004_CheckoutWizardValidation.spec.ts","",""
"","0","UI_CART_02: Remove Item from Cart @regression","webkit","2026-09-05","skipped","2026-09-05","Cart Management and Checkout Validation","ui/Checkout/Test_003_CartAndCheckoutValidation.spec.ts","",""
"","159","Testcase 2: Negative: POST /api/register should reject empty password @regression","mobile-chrome","2026-09-05","passed","2026-09-05","Register User API - Positive, Negative, Contract and Security","api/UserManagement/Test_001_RegisterAndLoginUser.spec.ts","",""
"","0","API_VIS_02: Default visualChaos is False @smoke @regression","firefox","2026-09-05","skipped","2026-09-05","Visual Chaos Configuration API Suite","api/ChaosAndTesting/Test_002_VisualChaosApi.spec.ts","",""
"","132","Testcase 4: Negative: GET /api/register should not be allowed for user registration @regression","mobile-chrome","2026-09-05","passed","2026-09-05","Register User API - Positive, Negative, Contract and Security","api/UserManagement/Test_001_RegisterAndLoginUser.spec.ts","",""
"","0","Testcase 3: Pagination: Minimum limit (page=1, limit=1) @regression","webkit","2026-09-05","skipped","2026-09-05","Books API - List and Security","api/BookCatalog/Test_001_BooksApi.spec.ts","",""
"","0","API_LOG_02: Correlation ID Header Preservation @regression","webkit","2026-09-05","skipped","2026-09-05","Structured JSON Logging & Correlation ID API Suite","api/Logging/Test_001_LoggingAndCorrelationApi.spec.ts","",""
"","148","API_LOG_03: Error Body Correlation ID Mapping @regression","chromium","2026-09-05","passed","2026-09-05","Structured JSON Logging & Correlation ID API Suite","api/Logging/Test_001_LoggingAndCorrelationApi.spec.ts","",""
"","3811","Testcase 2: Login With Registered User and Logout @smoke @regression","chromium","2026-09-05","passed","2026-09-05","Register New User","ui/UserManagement/Test_001_RegisterUser.spec.ts","",""
"","24757","Testcase 1: Complete book purchase successfully @smoke @regression","mobile-chrome","2026-09-05","failed","2026-09-05","Complete Book Purchase","ui/Checkout/Test_001_CompleteBookPurchase.spec.ts","",""
"","0","UI_CAT_05: Book Detail View @smoke @regression","firefox","2026-09-05","skipped","2026-09-05","Book Catalog Search and Detail View","ui/BookCatalog/Test_002_SearchAndDetailCatalog.spec.ts","",""
"","640","Testcase 5: Negative: String instead of number @regression","mobile-chrome","2026-09-05","passed","2026-09-05","Books API - List and Security","api/BookCatalog/Test_001_BooksApi.spec.ts","",""
"","0","Testcase 9: Negative: POST /api/login should reject unregistered user @regression","webkit","2026-09-05","skipped","2026-09-05","Login API - Positive, Negative and Security","api/UserManagement/Test_001_RegisterAndLoginUser.spec.ts","",""
"","3328","API_REF_01: Dynamic Access Token Expiry @smoke @regression @chaos","chromium","2026-09-05","passed","2026-09-05","Token Refresh and Profile Upload API Suite","api/UserManagement/Test_002_TokenRefreshAndProfileApi.spec.ts","",""
"","0","Testcase 1: Register New User @smoke @regression","firefox","2026-09-05","skipped","2026-09-05","Register New User","ui/UserManagement/Test_001_RegisterUser.spec.ts","",""
"","688","VIS_REG_08: Book Card Text Line Height Chaos @regression @chaos","mobile-chrome","2026-09-05","passed","2026-09-05","Visual Regression & Layout Chaos Suite","ui/VisualRegression/Test_010_VisualRegressionChaos.spec.ts","",""
"","16858","UI_WIZ_02: Validation Messaging Validation @regression","mobile-chrome","2026-09-05","failed","2026-09-05","Multi-Step Checkout Wizard","ui/Checkout/Test_004_CheckoutWizardValidation.spec.ts","",""
"","289","Testcase 8: Negative: POST /api/login should reject incorrect password @regression","mobile-chrome","2026-09-05","passed","2026-09-05","Login API - Positive, Negative and Security","api/UserManagement/Test_001_RegisterAndLoginUser.spec.ts","",""
"","0","Testcase 3: Negative: POST /api/register should reject duplicate usernames @smoke @regression","webkit","2026-09-05","skipped","2026-09-05","Register User API - Positive, Negative, Contract and Security","api/UserManagement/Test_001_RegisterAndLoginUser.spec.ts","",""
"","0","UI_UPL_02: File Extension Filter Validation @smoke @regression","webkit","2026-09-05","skipped","2026-09-05","Profile Picture Upload","ui/Profile/Test_005_ProfilePictureUpload.spec.ts","",""
"","2840","TC-CONC-001: Concurrent buyers competing for final stock unit (stock = 1) results in exactly one 200 OK and one 409 Conflict @smoke @regression @chaos","mobile-chrome","2026-09-05","passed","2026-09-05","Concurrent Stock Race Condition & Chaos Dashboard Resilience","ui/Checkout/Test_007_ConcurrentStockRaceCondition.spec.ts","",""
"","0","API_LOG_03: Error Body Correlation ID Mapping @regression","mobile-safari","2026-09-05","skipped","2026-09-05","Structured JSON Logging & Correlation ID API Suite","api/Logging/Test_001_LoggingAndCorrelationApi.spec.ts","",""
"","0","Testcase 10: Negative: GET /api/login should not be allowed for login @regression","mobile-safari","2026-09-05","skipped","2026-09-05","Login API - Positive, Negative and Security","api/UserManagement/Test_001_RegisterAndLoginUser.spec.ts","",""
"","0","Testcase 9: Negative: POST /api/login should reject missing username @regression","firefox","2026-09-05","skipped","2026-09-05","Login API - Positive, Negative and Security","api/UserManagement/Test_001_RegisterAndLoginUser.spec.ts","",""
"","0","API_LOG_02: Correlation ID Header Preservation @regression","mobile-safari","2026-09-05","skipped","2026-09-05","Structured JSON Logging & Correlation ID API Suite","api/Logging/Test_001_LoggingAndCorrelationApi.spec.ts","",""
"","15752","UI_REF_02: Session Expiry Redirection @smoke @regression","mobile-chrome","2026-09-05","failed","2026-09-05","JWT Expiration & Silent Refresh UI Suite","ui/Refresh/Test_006_JwtRefreshValidation.spec.ts","",""
"","1828","Testcase 1: GET /api/books?page=1&limit=8 - should return a paged book list with valid contract for page 1 @smoke @regression","mobile-chrome","2026-09-05","passed","2026-09-05","Books API - List and Security","api/BookCatalog/Test_001_BooksApi.spec.ts","",""
"","218","Testcase 10: Negative: GET /api/login should not be allowed for login @regression","mobile-chrome","2026-09-05","passed","2026-09-05","Login API - Positive, Negative and Security","api/UserManagement/Test_001_RegisterAndLoginUser.spec.ts","",""
"","0","API_VIS_01: Toggle visualChaos Config via API @smoke @regression @chaos","firefox","2026-09-05","skipped","2026-09-05","Visual Chaos Configuration API Suite","api/ChaosAndTesting/Test_002_VisualChaosApi.spec.ts","",""
"","0","Testcase 9: Negative: POST /api/login should reject missing username @regression","mobile-safari","2026-09-05","skipped","2026-09-05","Login API - Positive, Negative and Security","api/UserManagement/Test_001_RegisterAndLoginUser.spec.ts","",""
"","0","VIS_REG_08: Book Card Text Line Height Chaos @regression @chaos","mobile-safari","2026-09-05","skipped","2026-09-05","Visual Regression & Layout Chaos Suite","ui/VisualRegression/Test_010_VisualRegressionChaos.spec.ts","",""
"","1408","VIS_REG_04: Book Cover Blur Filter Assertion @regression @chaos","chromium","2026-09-05","passed","2026-09-05","Visual Regression & Layout Chaos Suite","ui/VisualRegression/Test_010_VisualRegressionChaos.spec.ts","",""
"","0","WS_CONN_01: WebSocket State Indicator @smoke @regression","firefox","2026-09-05","skipped","2026-09-05","WebSockets Event & Resilience Suite","ui/WebSockets/Test_008_WebSocketResilienceValidation.spec.ts","",""
"","0","Testcase 3: Pagination: Exceeding total pages (page=9999, limit=10) @regression","firefox","2026-09-05","skipped","2026-09-05","Books API - List and Security","api/BookCatalog/Test_001_BooksApi.spec.ts","",""
"","0","Testcase 3: Pagination: Standard page 1 (page=1, limit=5) @regression","webkit","2026-09-05","skipped","2026-09-05","Books API - List and Security","api/BookCatalog/Test_001_BooksApi.spec.ts","",""
"","0","A11Y_04: Text Color Contrast Scan Failure @regression @chaos @a11y","mobile-safari","2026-09-05","skipped","2026-09-05","Accessibility (a11y) Scans Suite","ui/A11y/Test_007_A11yScanValidation.spec.ts","",""
"","16310","UI_UPL_03: File Size Limit Validation @smoke @regression","mobile-chrome","2026-09-05","failed","2026-09-05","Profile Picture Upload","ui/Profile/Test_005_ProfilePictureUpload.spec.ts","",""
"","1906","A11Y_01: Standard Accessibility Compliance @smoke @regression @a11y","mobile-chrome","2026-09-05","passed","2026-09-05","Accessibility (a11y) Scans Suite","ui/A11y/Test_007_A11yScanValidation.spec.ts","",""
"","0","Testcase 3: Pagination: Standard page 2 (page=2, limit=5) @regression","firefox","2026-09-05","skipped","2026-09-05","Books API - List and Security","api/BookCatalog/Test_001_BooksApi.spec.ts","",""
"","0","API_LOG_03: Error Body Correlation ID Mapping @regression","firefox","2026-09-05","skipped","2026-09-05","Structured JSON Logging & Correlation ID API Suite","api/Logging/Test_001_LoggingAndCorrelationApi.spec.ts","",""
"","0","UI_STYLE_01: Retained Automation Selectors @smoke @regression","firefox","2026-09-05","skipped","2026-09-05","Modern UI Styling & Layout Suite","ui/Styling/Test_009_UIStyleAndLayoutValidation.spec.ts","",""
"","706","WS_RESIL_01: Automatic Connection Recovery @regression @chaos","chromium","2026-09-05","passed","2026-09-05","WebSockets Event & Resilience Suite","ui/WebSockets/Test_008_WebSocketResilienceValidation.spec.ts","",""
"","15832","WS_EVENT_01: Broadcasted Event Reception @smoke @regression","mobile-chrome","2026-09-05","failed","2026-09-05","WebSockets Event & Resilience Suite","ui/WebSockets/Test_008_WebSocketResilienceValidation.spec.ts","",""
"","334","API_LOG_04: User Context Log Association @regression","chromium","2026-09-05","passed","2026-09-05","Structured JSON Logging & Correlation ID API Suite","api/Logging/Test_001_LoggingAndCorrelationApi.spec.ts","",""
"","310","Testcase 7: Positive and Contract: POST /api/login should login a registered user successfully @smoke @regression","chromium","2026-09-05","passed","2026-09-05","Login API - Positive, Negative and Security","api/UserManagement/Test_001_RegisterAndLoginUser.spec.ts","",""
"","0","Testcase 2: Negative: POST /api/register should reject empty password @regression","firefox","2026-09-05","skipped","2026-09-05","Register User API - Positive, Negative, Contract and Security","api/UserManagement/Test_001_RegisterAndLoginUser.spec.ts","",""
"","0","UI_WIZ_01: Stepper Transition Validation @smoke @regression","webkit","2026-09-05","skipped","2026-09-05","Multi-Step Checkout Wizard","ui/Checkout/Test_004_CheckoutWizardValidation.spec.ts","",""
"","0","WS_EVENT_02: Hot-Toast Alert Trigger @regression","webkit","2026-09-05","skipped","2026-09-05","WebSockets Event & Resilience Suite","ui/WebSockets/Test_008_WebSocketResilienceValidation.spec.ts","",""
"","0","UI_WIZ_04: Dirty Navigation Alert Dialog @regression","webkit","2026-09-05","skipped","2026-09-05","Multi-Step Checkout Wizard","ui/Checkout/Test_004_CheckoutWizardValidation.spec.ts","",""
"","0","VIS_REG_04: Book Cover Blur Filter Assertion @regression @chaos","webkit","2026-09-05","skipped","2026-09-05","Visual Regression & Layout Chaos Suite","ui/VisualRegression/Test_010_VisualRegressionChaos.spec.ts","",""
"","4492","Testcase 1: Complete New Customer E2E Journey from Registration to Checkout @smoke @regression","chromium","2026-09-05","passed","2026-09-05","End-to-End User Journey","ui/Checkout/Test_005_EndToEndNewCustomerJourney.spec.ts","",""
"","0","Testcase 5: Security: POST /api/register should handle SQL injection pattern in username without server error or sensitive leakage @regression","webkit","2026-09-05","skipped","2026-09-05","Register User API - Positive, Negative, Contract and Security","api/UserManagement/Test_001_RegisterAndLoginUser.spec.ts","",""
"","1","A11Y_02: Image Alternative Text Scan Failure @regression @chaos @a11y","firefox","2026-09-05","skipped","2026-09-05","Accessibility (a11y) Scans Suite","ui/A11y/Test_007_A11yScanValidation.spec.ts","",""
"","0","Testcase 5: Negative: String instead of number @regression","mobile-safari","2026-09-05","skipped","2026-09-05","Books API - List and Security","api/BookCatalog/Test_001_BooksApi.spec.ts","",""
"","0","API_LOG_04: User Context Log Association @regression","mobile-safari","2026-09-05","skipped","2026-09-05","Structured JSON Logging & Correlation ID API Suite","api/Logging/Test_001_LoggingAndCorrelationApi.spec.ts","",""
"","153","API_LOG_02: Correlation ID Header Preservation @regression","chromium","2026-09-05","passed","2026-09-05","Structured JSON Logging & Correlation ID API Suite","api/Logging/Test_001_LoggingAndCorrelationApi.spec.ts","",""
"","0","API_INV_01: Trigger inventory report @smoke @regression","mobile-safari","2026-09-05","skipped","2026-09-05","Cart & Inventory API","api/CartAndInventory/Test_001_CartAndInventoryApi.spec.ts","",""
"","0","API_REF_03: Silent Token Refresh @regression","webkit","2026-09-05","skipped","2026-09-05","Token Refresh and Profile Upload API Suite","api/UserManagement/Test_002_TokenRefreshAndProfileApi.spec.ts","",""
"","4602","UI_WIZ_01: Stepper Transition Validation @smoke @regression","chromium","2026-09-05","passed","2026-09-05","Multi-Step Checkout Wizard","ui/Checkout/Test_004_CheckoutWizardValidation.spec.ts","",""
"","16880","UI_UPL_01: Valid Profile Picture Upload @smoke @regression","mobile-chrome","2026-09-05","failed","2026-09-05","Profile Picture Upload","ui/Profile/Test_005_ProfilePictureUpload.spec.ts","",""
"","0","UI_STYLE_04: HSL CSS Variable Theme Verification @regression","mobile-safari","2026-09-05","skipped","2026-09-05","Modern UI Styling & Layout Suite","ui/Styling/Test_009_UIStyleAndLayoutValidation.spec.ts","",""
"","0","UI_STYLE_03: Hover Animation CSS Verification @regression","firefox","2026-09-05","skipped","2026-09-05","Modern UI Styling & Layout Suite","ui/Styling/Test_009_UIStyleAndLayoutValidation.spec.ts","",""
"","0","Testcase 5: Negative: Zero limit @regression","webkit","2026-09-05","skipped","2026-09-05","Books API - List and Security","api/BookCatalog/Test_001_BooksApi.spec.ts","",""
"","7655","UI_CART_04: Cart item addition and removal dynamically recalculates item count and order total @regression","chromium","2026-09-05","passed","2026-09-05","Cart Quantity & Total Adjustment","ui/Checkout/Test_006_CartQuantityAdjustment.spec.ts","",""
"","0","UI_WIZ_02: Validation Messaging Validation @regression","firefox","2026-09-05","skipped","2026-09-05","Multi-Step Checkout Wizard","ui/Checkout/Test_004_CheckoutWizardValidation.spec.ts","",""
"","16455","UI_UPL_04: Upload Chaos Failure Recovery @regression @chaos","mobile-chrome","2026-09-05","failed","2026-09-05","Profile Picture Upload","ui/Profile/Test_005_ProfilePictureUpload.spec.ts","",""
"","315","Testcase 1: Positive and Contract: POST /api/register should register a user and allow login @smoke @regression","chromium","2026-09-05","passed","2026-09-05","Register User API - Positive, Negative, Contract and Security","api/UserManagement/Test_001_RegisterAndLoginUser.spec.ts","",""
"","0","UI_WIZ_02: Validation Messaging Validation @regression","mobile-safari","2026-09-05","skipped","2026-09-05","Multi-Step Checkout Wizard","ui/Checkout/Test_004_CheckoutWizardValidation.spec.ts","",""
"","0","UI_STYLE_04: HSL CSS Variable Theme Verification @regression","webkit","2026-09-05","skipped","2026-09-05","Modern UI Styling & Layout Suite","ui/Styling/Test_009_UIStyleAndLayoutValidation.spec.ts","",""
"","220","Testcase 9: Negative: POST /api/login should reject unregistered user @regression","mobile-chrome","2026-09-05","passed","2026-09-05","Login API - Positive, Negative and Security","api/UserManagement/Test_001_RegisterAndLoginUser.spec.ts","",""
"","0","Testcase 1: Complete New Customer E2E Journey from Registration to Checkout @smoke @regression","firefox","2026-09-05","skipped","2026-09-05","End-to-End User Journey","ui/Checkout/Test_005_EndToEndNewCustomerJourney.spec.ts","",""
"","300","Testcase 1: Positive and Contract: POST /api/register should register a user and allow login @smoke @regression","mobile-chrome","2026-09-05","passed","2026-09-05","Register User API - Positive, Negative, Contract and Security","api/UserManagement/Test_001_RegisterAndLoginUser.spec.ts","",""
"","0","API_INV_01: Trigger inventory report @smoke @regression","webkit","2026-09-05","skipped","2026-09-05","Cart & Inventory API","api/CartAndInventory/Test_001_CartAndInventoryApi.spec.ts","",""
"","0","API_REF_02: Refresh Token Issuance @smoke @regression","mobile-safari","2026-09-05","skipped","2026-09-05","Token Refresh and Profile Upload API Suite","api/UserManagement/Test_002_TokenRefreshAndProfileApi.spec.ts","",""
"","255","API_REF_02: Refresh Token Issuance @smoke @regression","chromium","2026-09-05","passed","2026-09-05","Token Refresh and Profile Upload API Suite","api/UserManagement/Test_002_TokenRefreshAndProfileApi.spec.ts","",""
"","0","UI_AUTH_06: Direct unauthenticated navigation to protected routes redirects to Login @smoke @regression","webkit","2026-09-05","skipped","2026-09-05","Protected Route Access Guard","ui/UserManagement/Test_003_ProtectedRouteGuard.spec.ts","",""
"","7077","UI_PROF_01: Verify user account profile summary and avatar preview render correctly @smoke @regression","mobile-chrome","2026-09-05","passed","2026-09-05","Profile Summary and Order History","ui/Profile/Test_006_ProfileSummaryAndOrderHistory.spec.ts","",""
"","0","UI_CHECK_01: Checkout Form Validation @regression","webkit","2026-09-05","skipped","2026-09-05","Cart Management and Checkout Validation","ui/Checkout/Test_003_CartAndCheckoutValidation.spec.ts","",""
"","0","Testcase 3: Login Validation Errors @regression","webkit","2026-09-05","skipped","2026-09-05","Login With Existing User","ui/UserManagement/Test_002_LoginWithExistingUser.spec.ts","",""
"","651","API_SAN_01: Concurrent sessions maintain 100% data isolation for cart and user state @smoke @regression @sandboxing","mobile-chrome","2026-09-05","passed","2026-09-05","Session-Partitioned Data Sandboxing & Multi-Tenant Isolation","api/ChaosAndTesting/Test_003_SessionSandboxingApi.spec.ts","",""
"","0","Testcase 11: Security: POST /api/login should handle oversized username without server error or sensitive leakage @regression","mobile-safari","2026-09-05","skipped","2026-09-05","Login API - Positive, Negative and Security","api/UserManagement/Test_001_RegisterAndLoginUser.spec.ts","",""
"","0","UI_UPL_03: File Size Limit Validation @smoke @regression","mobile-safari","2026-09-05","skipped","2026-09-05","Profile Picture Upload","ui/Profile/Test_005_ProfilePictureUpload.spec.ts","",""
"","0","UI_CART_02: Remove Item from Cart @regression","firefox","2026-09-05","skipped","2026-09-05","Cart Management and Checkout Validation","ui/Checkout/Test_003_CartAndCheckoutValidation.spec.ts","",""
"","0","API_UPL_01: Unauthorized Session Check @regression","webkit","2026-09-05","skipped","2026-09-05","Token Refresh and Profile Upload API Suite","api/UserManagement/Test_002_TokenRefreshAndProfileApi.spec.ts","",""
"","0","VIS_REG_03: Book Card Border Color Assertion @regression @chaos","firefox","2026-09-05","skipped","2026-09-05","Visual Regression & Layout Chaos Suite","ui/VisualRegression/Test_010_VisualRegressionChaos.spec.ts","",""
"","0","API_SAN_01: Concurrent sessions maintain 100% data isolation for cart and user state @smoke @regression @sandboxing","webkit","2026-09-05","skipped","2026-09-05","Session-Partitioned Data Sandboxing & Multi-Tenant Isolation","api/ChaosAndTesting/Test_003_SessionSandboxingApi.spec.ts","",""
"","832","UI_STYLE_01: Retained Automation Selectors @smoke @regression","chromium","2026-09-05","passed","2026-09-05","Modern UI Styling & Layout Suite","ui/Styling/Test_009_UIStyleAndLayoutValidation.spec.ts","",""
"","0","Testcase 9: Negative: POST /api/login should reject missing password @regression","firefox","2026-09-05","skipped","2026-09-05","Login API - Positive, Negative and Security","api/UserManagement/Test_001_RegisterAndLoginUser.spec.ts","",""
"","219","Testcase 9: Negative: POST /api/login should reject missing password @regression","chromium","2026-09-05","passed","2026-09-05","Login API - Positive, Negative and Security","api/UserManagement/Test_001_RegisterAndLoginUser.spec.ts","",""
"","213","Testcase 11: Security: POST /api/login should handle script tag in username without server error or sensitive leakage @regression","chromium","2026-09-05","passed","2026-09-05","Login API - Positive, Negative and Security","api/UserManagement/Test_001_RegisterAndLoginUser.spec.ts","",""
"","849","Testcase 3: Pagination: Standard page 1 (page=1, limit=5) @regression","chromium","2026-09-05","passed","2026-09-05","Books API - List and Security","api/BookCatalog/Test_001_BooksApi.spec.ts","",""
"","345","API_ORD_01: Authenticate user, complete checkout via API, and verify GET /api/orders history response @smoke @regression","mobile-chrome","2026-09-05","passed","2026-09-05","Orders API Endpoint","api/CartAndInventory/Test_002_OrdersApi.spec.ts","",""
"","976","Testcase 3: Pagination: Standard page 2 (page=2, limit=5) @regression","mobile-chrome","2026-09-05","passed","2026-09-05","Books API - List and Security","api/BookCatalog/Test_001_BooksApi.spec.ts","",""
"","1286","UI_CAT_05: Book Detail View @smoke @regression","chromium","2026-09-05","passed","2026-09-05","Book Catalog Search and Detail View","ui/BookCatalog/Test_002_SearchAndDetailCatalog.spec.ts","",""
"","0","VIS_REG_08: Book Card Text Line Height Chaos @regression @chaos","webkit","2026-09-05","skipped","2026-09-05","Visual Regression & Layout Chaos Suite","ui/VisualRegression/Test_010_VisualRegressionChaos.spec.ts","",""
"","0","UI_CAT_03: Search Filtering @regression","firefox","2026-09-05","skipped","2026-09-05","Book Catalog Search and Detail View","ui/BookCatalog/Test_002_SearchAndDetailCatalog.spec.ts","",""
"","1","Testcase 9: Negative: POST /api/login should reject missing password @regression","webkit","2026-09-05","skipped","2026-09-05","Login API - Positive, Negative and Security","api/UserManagement/Test_001_RegisterAndLoginUser.spec.ts","",""
"","0","VIS_REG_05: Search Bar Displacement Assertion @regression @chaos","firefox","2026-09-05","skipped","2026-09-05","Visual Regression & Layout Chaos Suite","ui/VisualRegression/Test_010_VisualRegressionChaos.spec.ts","",""
"","0","API_ORD_01: Authenticate user, complete checkout via API, and verify GET /api/orders history response @smoke @regression","firefox","2026-09-05","skipped","2026-09-05","Orders API Endpoint","api/CartAndInventory/Test_002_OrdersApi.spec.ts","",""
"","158","API_LOG_02: Correlation ID Header Preservation @regression","mobile-chrome","2026-09-05","passed","2026-09-05","Structured JSON Logging & Correlation ID API Suite","api/Logging/Test_001_LoggingAndCorrelationApi.spec.ts","",""
"","1048","WS_RESIL_01: Automatic Connection Recovery @regression @chaos","mobile-chrome","2026-09-05","passed","2026-09-05","WebSockets Event & Resilience Suite","ui/WebSockets/Test_008_WebSocketResilienceValidation.spec.ts","",""
"","3149","API_CHAOS_02: Inject API latency @smoke @regression @chaos","chromium","2026-09-05","passed","2026-09-05","Chaos and Testing Utilities API","api/ChaosAndTesting/Test_001_ChaosAndTestingApi.spec.ts","",""
"","496","API_TEST_01: Global reset clears all non-default users and carts @smoke @regression","chromium","2026-09-05","passed","2026-09-05","Chaos and Testing Utilities API","api/ChaosAndTesting/Test_001_ChaosAndTestingApi.spec.ts","",""
"","1","Verify Books Count in pagination @smoke @regression","firefox","2026-09-05","skipped","2026-09-05","Initial Catalog","ui/BookCatalog/Test_001_InitialCatalog.spec.ts","",""
"","0","VIS_REG_03: Book Card Border Color Assertion @regression @chaos","webkit","2026-09-05","skipped","2026-09-05","Visual Regression & Layout Chaos Suite","ui/VisualRegression/Test_010_VisualRegressionChaos.spec.ts","",""
"","0","Testcase 1: Positive and Contract: POST /api/register should register a user and allow login @smoke @regression","mobile-safari","2026-09-05","skipped","2026-09-05","Register User API - Positive, Negative, Contract and Security","api/UserManagement/Test_001_RegisterAndLoginUser.spec.ts","",""
"","1014","Testcase 3: Pagination: Standard page 1 (page=1, limit=5) @regression","mobile-chrome","2026-09-05","passed","2026-09-05","Books API - List and Security","api/BookCatalog/Test_001_BooksApi.spec.ts","",""
"","105","Testcase 6: Security: POST /api/register should reject unsupported content type @regression","chromium","2026-09-05","passed","2026-09-05","Register User API - Positive, Negative, Contract and Security","api/UserManagement/Test_001_RegisterAndLoginUser.spec.ts","",""
"","10941","UI_REF_01: Transparent Client Request Retry @regression","chromium","2026-09-05","passed","2026-09-05","JWT Expiration & Silent Refresh UI Suite","ui/Refresh/Test_006_JwtRefreshValidation.spec.ts","",""
"","0","UI_WIZ_02: Validation Messaging Validation @regression","webkit","2026-09-05","skipped","2026-09-05","Multi-Step Checkout Wizard","ui/Checkout/Test_004_CheckoutWizardValidation.spec.ts","",""
"","2435","UI_REF_02: Session Expiry Redirection @smoke @regression","chromium","2026-09-05","passed","2026-09-05","JWT Expiration & Silent Refresh UI Suite","ui/Refresh/Test_006_JwtRefreshValidation.spec.ts","",""
"","1931","A11Y_02: Image Alternative Text Scan Failure @regression @chaos @a11y","mobile-chrome","2026-09-05","passed","2026-09-05","Accessibility (a11y) Scans Suite","ui/A11y/Test_007_A11yScanValidation.spec.ts","",""
"","357","API_ORD_01: Authenticate user, complete checkout via API, and verify GET /api/orders history response @smoke @regression","chromium","2026-09-05","passed","2026-09-05","Orders API Endpoint","api/CartAndInventory/Test_002_OrdersApi.spec.ts","",""
"","300745","A11Y_03: Orphaned Form Label Scan Failure @regression @chaos @a11y","chromium","2026-09-05","broken","2026-09-05","Accessibility (a11y) Scans Suite","ui/A11y/Test_007_A11yScanValidation.spec.ts","",""
"","121","API_LOG_01: Correlation ID Header Generation @smoke @regression","chromium","2026-09-05","passed","2026-09-05","Structured JSON Logging & Correlation ID API Suite","api/Logging/Test_001_LoggingAndCorrelationApi.spec.ts","",""
"","388","API_CHAOS_01: Inject checkout failures @smoke @regression @chaos","mobile-chrome","2026-09-05","passed","2026-09-05","Chaos and Testing Utilities API","api/ChaosAndTesting/Test_001_ChaosAndTestingApi.spec.ts","",""
"","1621","UI_STYLE_03: Hover Animation CSS Verification @regression","chromium","2026-09-05","passed","2026-09-05","Modern UI Styling & Layout Suite","ui/Styling/Test_009_UIStyleAndLayoutValidation.spec.ts","",""
"","16178","UI_CHECK_01: Checkout Form Validation @regression","mobile-chrome","2026-09-05","failed","2026-09-05","Cart Management and Checkout Validation","ui/Checkout/Test_003_CartAndCheckoutValidation.spec.ts","",""
"","672","Testcase 5: Negative: Negative page number @regression","chromium","2026-09-05","passed","2026-09-05","Books API - List and Security","api/BookCatalog/Test_001_BooksApi.spec.ts","",""
"","0","VIS_REG_02: Chaos-Enabled Catalog Pixel Diff @regression @chaos","webkit","2026-09-05","skipped","2026-09-05","Visual Regression & Layout Chaos Suite","ui/VisualRegression/Test_010_VisualRegressionChaos.spec.ts","",""
"","0","Testcase 1: Complete New Customer E2E Journey from Registration to Checkout @smoke @regression","mobile-safari","2026-09-05","skipped","2026-09-05","End-to-End User Journey","ui/Checkout/Test_005_EndToEndNewCustomerJourney.spec.ts","",""
"","0","Testcase 2: GET /api/books?page=2&limit=8 - should return a paged book list with valid contract for page 2 @smoke @regression","webkit","2026-09-05","skipped","2026-09-05","Books API - List and Security","api/BookCatalog/Test_001_BooksApi.spec.ts","",""
"","1","Testcase 8: Negative: POST /api/login should reject incorrect password @regression","firefox","2026-09-05","skipped","2026-09-05","Login API - Positive, Negative and Security","api/UserManagement/Test_001_RegisterAndLoginUser.spec.ts","",""
"","1103","VIS_REG_06: Price Tag Rotation Assertion @regression @chaos","chromium","2026-09-05","passed","2026-09-05","Visual Regression & Layout Chaos Suite","ui/VisualRegression/Test_010_VisualRegressionChaos.spec.ts","",""
"","0","UI_UPL_04: Upload Chaos Failure Recovery @regression @chaos","mobile-safari","2026-09-05","skipped","2026-09-05","Profile Picture Upload","ui/Profile/Test_005_ProfilePictureUpload.spec.ts","",""
"","1","A11Y_02: Image Alternative Text Scan Failure @regression @chaos @a11y","webkit","2026-09-05","skipped","2026-09-05","Accessibility (a11y) Scans Suite","ui/A11y/Test_007_A11yScanValidation.spec.ts","",""
"","803","Testcase 3: Pagination: Exceeding total pages (page=9999, limit=10) @regression","mobile-chrome","2026-09-05","passed","2026-09-05","Books API - List and Security","api/BookCatalog/Test_001_BooksApi.spec.ts","",""
"","0","UI_CAT_05: Book Detail View @smoke @regression","webkit","2026-09-05","skipped","2026-09-05","Book Catalog Search and Detail View","ui/BookCatalog/Test_002_SearchAndDetailCatalog.spec.ts","",""
"","16461","UI_WIZ_03: Wizard Back Step History preservation @regression","mobile-chrome","2026-09-05","failed","2026-09-05","Multi-Step Checkout Wizard","ui/Checkout/Test_004_CheckoutWizardValidation.spec.ts","",""
"","0","Testcase 1: Login With Existing User @smoke @regression","webkit","2026-09-05","skipped","2026-09-05","Login With Existing User","ui/UserManagement/Test_002_LoginWithExistingUser.spec.ts","",""
"","0","Testcase 3: Pagination: Exceeding total pages (page=9999, limit=10) @regression","mobile-safari","2026-09-05","skipped","2026-09-05","Books API - List and Security","api/BookCatalog/Test_001_BooksApi.spec.ts","",""
"","0","VIS_REG_04: Book Cover Blur Filter Assertion @regression @chaos","mobile-safari","2026-09-05","skipped","2026-09-05","Visual Regression & Layout Chaos Suite","ui/VisualRegression/Test_010_VisualRegressionChaos.spec.ts","",""
"","0","UI_WIZ_03: Wizard Back Step History preservation @regression","webkit","2026-09-05","skipped","2026-09-05","Multi-Step Checkout Wizard","ui/Checkout/Test_004_CheckoutWizardValidation.spec.ts","",""
"","0","VIS_REG_03: Book Card Border Color Assertion @regression @chaos","mobile-safari","2026-09-05","skipped","2026-09-05","Visual Regression & Layout Chaos Suite","ui/VisualRegression/Test_010_VisualRegressionChaos.spec.ts","",""
"","208","Testcase 11: Security: POST /api/login should handle oversized username without server error or sensitive leakage @regression","chromium","2026-09-05","passed","2026-09-05","Login API - Positive, Negative and Security","api/UserManagement/Test_001_RegisterAndLoginUser.spec.ts","",""
"","597","Testcase 5: Negative: String instead of number @regression","chromium","2026-09-05","passed","2026-09-05","Books API - List and Security","api/BookCatalog/Test_001_BooksApi.spec.ts","",""
"","0","Testcase 3: Password Strength Indicator @regression","webkit","2026-09-05","skipped","2026-09-05","Register New User","ui/UserManagement/Test_001_RegisterUser.spec.ts","",""
"","0","Testcase 9: Negative: POST /api/login should reject unregistered user @regression","mobile-safari","2026-09-05","skipped","2026-09-05","Login API - Positive, Negative and Security","api/UserManagement/Test_001_RegisterAndLoginUser.spec.ts","",""
"","524","API_CART_01: Cart persistence after server crash @smoke @regression","mobile-chrome","2026-09-05","passed","2026-09-05","Cart & Inventory API","api/CartAndInventory/Test_001_CartAndInventoryApi.spec.ts","",""
"","161","Testcase 2: Negative: POST /api/register should reject empty username @regression","chromium","2026-09-05","passed","2026-09-05","Register User API - Positive, Negative, Contract and Security","api/UserManagement/Test_001_RegisterAndLoginUser.spec.ts","",""
"","0","Testcase 8: Negative: POST /api/login should reject incorrect password @regression","mobile-safari","2026-09-05","skipped","2026-09-05","Login API - Positive, Negative and Security","api/UserManagement/Test_001_RegisterAndLoginUser.spec.ts","",""
"","0","Testcase 5: Negative: Zero limit @regression","mobile-safari","2026-09-05","skipped","2026-09-05","Books API - List and Security","api/BookCatalog/Test_001_BooksApi.spec.ts","",""
"","0","Testcase 4: Negative: GET /api/register should not be allowed for user registration @regression","mobile-safari","2026-09-05","skipped","2026-09-05","Register User API - Positive, Negative, Contract and Security","api/UserManagement/Test_001_RegisterAndLoginUser.spec.ts","",""
"","3423","API_REF_01: Dynamic Access Token Expiry @smoke @regression @chaos","mobile-chrome","2026-09-05","passed","2026-09-05","Token Refresh and Profile Upload API Suite","api/UserManagement/Test_002_TokenRefreshAndProfileApi.spec.ts","",""
"","136","Testcase 2: Negative: POST /api/register should reject empty password @regression","chromium","2026-09-05","passed","2026-09-05","Register User API - Positive, Negative, Contract and Security","api/UserManagement/Test_001_RegisterAndLoginUser.spec.ts","",""
"","605","Testcase 5: Negative: Zero limit @regression","chromium","2026-09-05","passed","2026-09-05","Books API - List and Security","api/BookCatalog/Test_001_BooksApi.spec.ts","",""
"","0","WS_EVENT_02: Hot-Toast Alert Trigger @regression","mobile-safari","2026-09-05","skipped","2026-09-05","WebSockets Event & Resilience Suite","ui/WebSockets/Test_008_WebSocketResilienceValidation.spec.ts","",""
"","2085","VIS_REG_01: Baseline Catalog Screenshot @regression @visual","chromium","2026-09-05","failed","2026-09-05","Visual Regression & Layout Chaos Suite","ui/VisualRegression/Test_010_VisualRegressionChaos.spec.ts","",""
"","0","Testcase 1: GET /api/books?page=1&limit=8 - should return a paged book list with valid contract for page 1 @smoke @regression","mobile-safari","2026-09-05","skipped","2026-09-05","Books API - List and Security","api/BookCatalog/Test_001_BooksApi.spec.ts","",""
"","0","Testcase 1: Login With Existing User @smoke @regression","mobile-safari","2026-09-05","skipped","2026-09-05","Login With Existing User","ui/UserManagement/Test_002_LoginWithExistingUser.spec.ts","",""
"","0","Testcase 2: Negative: POST /api/register should reject empty password @regression","mobile-safari","2026-09-05","skipped","2026-09-05","Register User API - Positive, Negative, Contract and Security","api/UserManagement/Test_001_RegisterAndLoginUser.spec.ts","",""
"","920","Testcase 2: Login Using Saved Session Storage @smoke @regression","mobile-chrome","2026-09-05","passed","2026-09-05","Login With Existing User","ui/UserManagement/Test_002_LoginWithExistingUser.spec.ts","",""
"","0","Testcase 2: Login With Registered User and Logout @smoke @regression","mobile-safari","2026-09-05","skipped","2026-09-05","Register New User","ui/UserManagement/Test_001_RegisterUser.spec.ts","",""
"","0","UI_PROF_01: Verify user account profile summary and avatar preview render correctly @smoke @regression","firefox","2026-09-05","skipped","2026-09-05","Profile Summary and Order History","ui/Profile/Test_006_ProfileSummaryAndOrderHistory.spec.ts","",""
"","895","WS_EVENT_01: Broadcasted Event Reception @smoke @regression","chromium","2026-09-05","passed","2026-09-05","WebSockets Event & Resilience Suite","ui/WebSockets/Test_008_WebSocketResilienceValidation.spec.ts","",""
"","0","UI_UPL_04: Upload Chaos Failure Recovery @regression @chaos","webkit","2026-09-05","skipped","2026-09-05","Profile Picture Upload","ui/Profile/Test_005_ProfilePictureUpload.spec.ts","",""
"","0","Testcase 9: Negative: POST /api/login should reject empty password @regression","webkit","2026-09-05","skipped","2026-09-05","Login API - Positive, Negative and Security","api/UserManagement/Test_001_RegisterAndLoginUser.spec.ts","",""
"","1466","Testcase 1: GET /api/books?page=1&limit=8 - should return a paged book list with valid contract for page 1 @smoke @regression","chromium","2026-09-05","passed","2026-09-05","Books API - List and Security","api/BookCatalog/Test_001_BooksApi.spec.ts","",""
"","0","Testcase 3: Negative: POST /api/register should reject duplicate usernames @smoke @regression","firefox","2026-09-05","skipped","2026-09-05","Register User API - Positive, Negative, Contract and Security","api/UserManagement/Test_001_RegisterAndLoginUser.spec.ts","",""
"","0","API_ORD_01: Authenticate user, complete checkout via API, and verify GET /api/orders history response @smoke @regression","webkit","2026-09-05","skipped","2026-09-05","Orders API Endpoint","api/CartAndInventory/Test_002_OrdersApi.spec.ts","",""
"","0","VIS_REG_02: Chaos-Enabled Catalog Pixel Diff @regression @chaos","mobile-safari","2026-09-05","skipped","2026-09-05","Visual Regression & Layout Chaos Suite","ui/VisualRegression/Test_010_VisualRegressionChaos.spec.ts","",""
"","15974","UI_CART_02: Remove Item from Cart @regression","mobile-chrome","2026-09-05","failed","2026-09-05","Cart Management and Checkout Validation","ui/Checkout/Test_003_CartAndCheckoutValidation.spec.ts","",""
"","1734","UI_AUTH_06: Direct unauthenticated navigation to protected routes redirects to Login @smoke @regression","mobile-chrome","2026-09-05","passed","2026-09-05","Protected Route Access Guard","ui/UserManagement/Test_003_ProtectedRouteGuard.spec.ts","",""
"","15866","Testcase 1: Register New User @smoke @regression","mobile-chrome","2026-09-05","failed","2026-09-05","Register New User","ui/UserManagement/Test_001_RegisterUser.spec.ts","",""
"","0","UI_REF_02: Session Expiry Redirection @smoke @regression","mobile-safari","2026-09-05","skipped","2026-09-05","JWT Expiration & Silent Refresh UI Suite","ui/Refresh/Test_006_JwtRefreshValidation.spec.ts","",""
"","127","API_VIS_01: Toggle visualChaos Config via API @smoke @regression @chaos","chromium","2026-09-05","passed","2026-09-05","Visual Chaos Configuration API Suite","api/ChaosAndTesting/Test_002_VisualChaosApi.spec.ts","",""
"","0","API_VIS_04: Combine with Other Chaos Params @regression @chaos","mobile-safari","2026-09-05","skipped","2026-09-05","Visual Chaos Configuration API Suite","api/ChaosAndTesting/Test_002_VisualChaosApi.spec.ts","",""
"","0","UI_CAT_05: Book Detail View @smoke @regression","mobile-safari","2026-09-05","skipped","2026-09-05","Book Catalog Search and Detail View","ui/BookCatalog/Test_002_SearchAndDetailCatalog.spec.ts","",""
"","0","UI_STYLE_02: Catalog Grid Layout Responsiveness @regression","firefox","2026-09-05","skipped","2026-09-05","Modern UI Styling & Layout Suite","ui/Styling/Test_009_UIStyleAndLayoutValidation.spec.ts","",""
"","0","Testcase 2: Negative: POST /api/register should reject missing password @regression","mobile-safari","2026-09-05","skipped","2026-09-05","Register User API - Positive, Negative, Contract and Security","api/UserManagement/Test_001_RegisterAndLoginUser.spec.ts","",""
"","0","API_UPL_01: Unauthorized Session Check @regression","mobile-safari","2026-09-05","skipped","2026-09-05","Token Refresh and Profile Upload API Suite","api/UserManagement/Test_002_TokenRefreshAndProfileApi.spec.ts","",""
"","0","Testcase 11: Security: POST /api/login should handle SQL injection pattern in username without server error or sensitive leakage @regression","webkit","2026-09-05","skipped","2026-09-05","Login API - Positive, Negative and Security","api/UserManagement/Test_001_RegisterAndLoginUser.spec.ts","",""
"","0","UI_REF_02: Session Expiry Redirection @smoke @regression","webkit","2026-09-05","skipped","2026-09-05","JWT Expiration & Silent Refresh UI Suite","ui/Refresh/Test_006_JwtRefreshValidation.spec.ts","",""
"","0","Testcase 1: GET /api/books?page=1&limit=8 - should return a paged book list with valid contract for page 1 @smoke @regression","webkit","2026-09-05","skipped","2026-09-05","Books API - List and Security","api/BookCatalog/Test_001_BooksApi.spec.ts","",""
"","0","Testcase 3: Password Strength Indicator @regression","mobile-safari","2026-09-05","skipped","2026-09-05","Register New User","ui/UserManagement/Test_001_RegisterUser.spec.ts","",""
"","0","API_TEST_01: Global reset clears all non-default users and carts @smoke @regression","webkit","2026-09-05","skipped","2026-09-05","Chaos and Testing Utilities API","api/ChaosAndTesting/Test_001_ChaosAndTestingApi.spec.ts","",""
"","236","Testcase 9: Negative: POST /api/login should reject missing password @regression","mobile-chrome","2026-09-05","passed","2026-09-05","Login API - Positive, Negative and Security","api/UserManagement/Test_001_RegisterAndLoginUser.spec.ts","",""
"","0","UI_UPL_01: Valid Profile Picture Upload @smoke @regression","firefox","2026-09-05","skipped","2026-09-05","Profile Picture Upload","ui/Profile/Test_005_ProfilePictureUpload.spec.ts","",""
"","0","Testcase 5: Negative: Negative page number @regression","mobile-safari","2026-09-05","skipped","2026-09-05","Books API - List and Security","api/BookCatalog/Test_001_BooksApi.spec.ts","",""
"","0","API_LOG_04: User Context Log Association @regression","webkit","2026-09-05","skipped","2026-09-05","Structured JSON Logging & Correlation ID API Suite","api/Logging/Test_001_LoggingAndCorrelationApi.spec.ts","",""
"","0","UI_STYLE_04: HSL CSS Variable Theme Verification @regression","firefox","2026-09-05","skipped","2026-09-05","Modern UI Styling & Layout Suite","ui/Styling/Test_009_UIStyleAndLayoutValidation.spec.ts","",""
"","3211","Testcase 1: Login With Existing User @smoke @regression","chromium","2026-09-05","passed","2026-09-05","Login With Existing User","ui/UserManagement/Test_002_LoginWithExistingUser.spec.ts","",""
"","0","Testcase 2: Negative: POST /api/register should reject empty username @regression","mobile-safari","2026-09-05","skipped","2026-09-05","Register User API - Positive, Negative, Contract and Security","api/UserManagement/Test_001_RegisterAndLoginUser.spec.ts","",""
"","0","Testcase 8: Negative: POST /api/login should reject incorrect password @regression","webkit","2026-09-05","skipped","2026-09-05","Login API - Positive, Negative and Security","api/UserManagement/Test_001_RegisterAndLoginUser.spec.ts","",""
"","253","Testcase 5: Security: POST /api/register should handle SQL injection pattern in username without server error or sensitive leakage @regression","mobile-chrome","2026-09-05","passed","2026-09-05","Register User API - Positive, Negative, Contract and Security","api/UserManagement/Test_001_RegisterAndLoginUser.spec.ts","",""
"","0","API_VIS_02: Default visualChaos is False @smoke @regression","mobile-safari","2026-09-05","skipped","2026-09-05","Visual Chaos Configuration API Suite","api/ChaosAndTesting/Test_002_VisualChaosApi.spec.ts","",""
"","0","API_VIS_01: Toggle visualChaos Config via API @smoke @regression @chaos","mobile-safari","2026-09-05","skipped","2026-09-05","Visual Chaos Configuration API Suite","api/ChaosAndTesting/Test_002_VisualChaosApi.spec.ts","",""
"","671","Testcase 5: Negative: Zero limit @regression","mobile-chrome","2026-09-05","passed","2026-09-05","Books API - List and Security","api/BookCatalog/Test_001_BooksApi.spec.ts","",""
"","243","Testcase 13: Security: GET /api/cart without auth cookies should return 401 Unauthorized @smoke @regression","mobile-chrome","2026-09-05","passed","2026-09-05","Login API - Positive, Negative and Security","api/UserManagement/Test_001_RegisterAndLoginUser.spec.ts","",""
"","259","Testcase 5: Security: POST /api/register should handle script tag in fullName without server error or sensitive leakage @regression","mobile-chrome","2026-09-05","passed","2026-09-05","Register User API - Positive, Negative, Contract and Security","api/UserManagement/Test_001_RegisterAndLoginUser.spec.ts","",""
"","0","API_REF_03: Silent Token Refresh @regression","mobile-safari","2026-09-05","skipped","2026-09-05","Token Refresh and Profile Upload API Suite","api/UserManagement/Test_002_TokenRefreshAndProfileApi.spec.ts","",""
"","3056","UI_UPL_04: Upload Chaos Failure Recovery @regression @chaos","chromium","2026-09-05","passed","2026-09-05","Profile Picture Upload","ui/Profile/Test_005_ProfilePictureUpload.spec.ts","",""
"","0","API_UPL_01: Unauthorized Session Check @regression","firefox","2026-09-05","skipped","2026-09-05","Token Refresh and Profile Upload API Suite","api/UserManagement/Test_002_TokenRefreshAndProfileApi.spec.ts","",""
"","20049","UI_CART_04: Cart item addition and removal dynamically recalculates item count and order total @regression","mobile-chrome","2026-09-05","failed","2026-09-05","Cart Quantity & Total Adjustment","ui/Checkout/Test_006_CartQuantityAdjustment.spec.ts","",""
"","0","A11Y_03: Orphaned Form Label Scan Failure @regression @chaos @a11y","mobile-safari","2026-09-05","skipped","2026-09-05","Accessibility (a11y) Scans Suite","ui/A11y/Test_007_A11yScanValidation.spec.ts","",""
"","0","UI_WIZ_03: Wizard Back Step History preservation @regression","mobile-safari","2026-09-05","skipped","2026-09-05","Multi-Step Checkout Wizard","ui/Checkout/Test_004_CheckoutWizardValidation.spec.ts","",""
"","0","Testcase 7: Defaults: Verify API works without query parameters @smoke @regression","mobile-safari","2026-09-05","skipped","2026-09-05","Books API - List and Security","api/BookCatalog/Test_001_BooksApi.spec.ts","",""
"","1210","UI_CAT_04: Search - No Results @regression","chromium","2026-09-05","passed","2026-09-05","Book Catalog Search and Detail View","ui/BookCatalog/Test_002_SearchAndDetailCatalog.spec.ts","",""
"","0","TC-CONC-001: Concurrent buyers competing for final stock unit (stock = 1) results in exactly one 200 OK and one 409 Conflict @smoke @regression @chaos","firefox","2026-09-05","skipped","2026-09-05","Concurrent Stock Race Condition & Chaos Dashboard Resilience","ui/Checkout/Test_007_ConcurrentStockRaceCondition.spec.ts","",""
"","11957","UI_CART_03: User Cart Isolation @regression","chromium","2026-09-05","passed","2026-09-05","Cart Management and Checkout Validation","ui/Checkout/Test_003_CartAndCheckoutValidation.spec.ts","",""
"","2606","Testcase 3: Login Validation Errors @regression","chromium","2026-09-05","passed","2026-09-05","Login With Existing User","ui/UserManagement/Test_002_LoginWithExistingUser.spec.ts","",""
"","344","API_REF_03: Silent Token Refresh @regression","mobile-chrome","2026-09-05","passed","2026-09-05","Token Refresh and Profile Upload API Suite","api/UserManagement/Test_002_TokenRefreshAndProfileApi.spec.ts","",""
"","171","API_LOG_01: Correlation ID Header Generation @smoke @regression","mobile-chrome","2026-09-05","passed","2026-09-05","Structured JSON Logging & Correlation ID API Suite","api/Logging/Test_001_LoggingAndCorrelationApi.spec.ts","",""
"","0","UI_UPL_01: Valid Profile Picture Upload @smoke @regression","mobile-safari","2026-09-05","skipped","2026-09-05","Profile Picture Upload","ui/Profile/Test_005_ProfilePictureUpload.spec.ts","",""
"","2281","Testcase 1: Login With Existing User @smoke @regression","mobile-chrome","2026-09-05","passed","2026-09-05","Login With Existing User","ui/UserManagement/Test_002_LoginWithExistingUser.spec.ts","",""
"","0","UI_STYLE_02: Catalog Grid Layout Responsiveness @regression","mobile-safari","2026-09-05","skipped","2026-09-05","Modern UI Styling & Layout Suite","ui/Styling/Test_009_UIStyleAndLayoutValidation.spec.ts","",""
"","0","Testcase 5: Security: POST /api/register should handle oversized username without server error or sensitive leakage @regression","firefox","2026-09-05","skipped","2026-09-05","Register User API - Positive, Negative, Contract and Security","api/UserManagement/Test_001_RegisterAndLoginUser.spec.ts","",""
"","0","UI_CART_03: User Cart Isolation @regression","firefox","2026-09-05","skipped","2026-09-05","Cart Management and Checkout Validation","ui/Checkout/Test_003_CartAndCheckoutValidation.spec.ts","",""
"","0","WS_CONN_01: WebSocket State Indicator @smoke @regression","webkit","2026-09-05","skipped","2026-09-05","WebSockets Event & Resilience Suite","ui/WebSockets/Test_008_WebSocketResilienceValidation.spec.ts","",""
"","638","VIS_REG_06: Price Tag Rotation Assertion @regression @chaos","mobile-chrome","2026-09-05","passed","2026-09-05","Visual Regression & Layout Chaos Suite","ui/VisualRegression/Test_010_VisualRegressionChaos.spec.ts","",""
"","207","Testcase 12: Security: POST /api/login should reject unsupported content type @regression","chromium","2026-09-05","passed","2026-09-05","Login API - Positive, Negative and Security","api/UserManagement/Test_001_RegisterAndLoginUser.spec.ts","",""
"","0","Testcase 9: Negative: POST /api/login should reject empty password @regression","mobile-safari","2026-09-05","skipped","2026-09-05","Login API - Positive, Negative and Security","api/UserManagement/Test_001_RegisterAndLoginUser.spec.ts","",""
"","0","VIS_REG_02: Chaos-Enabled Catalog Pixel Diff @regression @chaos","firefox","2026-09-05","skipped","2026-09-05","Visual Regression & Layout Chaos Suite","ui/VisualRegression/Test_010_VisualRegressionChaos.spec.ts","",""
"","10900","WS_CONN_01: WebSocket State Indicator @smoke @regression","mobile-chrome","2026-09-05","failed","2026-09-05","WebSockets Event & Resilience Suite","ui/WebSockets/Test_008_WebSocketResilienceValidation.spec.ts","",""
"","206","API_UPL_01: Unauthorized Session Check @regression","mobile-chrome","2026-09-05","passed","2026-09-05","Token Refresh and Profile Upload API Suite","api/UserManagement/Test_002_TokenRefreshAndProfileApi.spec.ts","",""
"","0","API_VIS_02: Default visualChaos is False @smoke @regression","webkit","2026-09-05","skipped","2026-09-05","Visual Chaos Configuration API Suite","api/ChaosAndTesting/Test_002_VisualChaosApi.spec.ts","",""
"","0","UI_REF_01: Transparent Client Request Retry @regression","webkit","2026-09-05","skipped","2026-09-05","JWT Expiration & Silent Refresh UI Suite","ui/Refresh/Test_006_JwtRefreshValidation.spec.ts","",""
"","0","UI_CART_03: User Cart Isolation @regression","webkit","2026-09-05","skipped","2026-09-05","Cart Management and Checkout Validation","ui/Checkout/Test_003_CartAndCheckoutValidation.spec.ts","",""
"","0","Testcase 6: Security: Request without Content-Type header should be handled @regression","firefox","2026-09-05","skipped","2026-09-05","Books API - List and Security","api/BookCatalog/Test_001_BooksApi.spec.ts","",""
"","0","Testcase 2: Negative: POST /api/register should reject empty username @regression","firefox","2026-09-05","skipped","2026-09-05","Register User API - Positive, Negative, Contract and Security","api/UserManagement/Test_001_RegisterAndLoginUser.spec.ts","",""
"","0","Testcase 9: Negative: POST /api/login should reject missing username @regression","webkit","2026-09-05","skipped","2026-09-05","Login API - Positive, Negative and Security","api/UserManagement/Test_001_RegisterAndLoginUser.spec.ts","",""
"","0","Testcase 1: Complete checkout after cart persists across logout and login @smoke @regression","webkit","2026-09-05","skipped","2026-09-05","Cart Persistence Checkout","ui/Checkout/Test_002_CartPersistenceCheckout.spec.ts","",""
"","0","WS_EVENT_02: Hot-Toast Alert Trigger @regression","firefox","2026-09-05","skipped","2026-09-05","WebSockets Event & Resilience Suite","ui/WebSockets/Test_008_WebSocketResilienceValidation.spec.ts","",""
"","0","A11Y_03: Orphaned Form Label Scan Failure @regression @chaos @a11y","firefox","2026-09-05","skipped","2026-09-05","Accessibility (a11y) Scans Suite","ui/A11y/Test_007_A11yScanValidation.spec.ts","",""
"","146","API_VIS_02: Default visualChaos is False @smoke @regression","chromium","2026-09-05","passed","2026-09-05","Visual Chaos Configuration API Suite","api/ChaosAndTesting/Test_002_VisualChaosApi.spec.ts","",""
"","0","UI_STYLE_01: Retained Automation Selectors @smoke @regression","webkit","2026-09-05","skipped","2026-09-05","Modern UI Styling & Layout Suite","ui/Styling/Test_009_UIStyleAndLayoutValidation.spec.ts","",""
"","0","Testcase 1: Login With Existing User @smoke @regression","firefox","2026-09-05","skipped","2026-09-05","Login With Existing User","ui/UserManagement/Test_002_LoginWithExistingUser.spec.ts","",""
"","141","API_VIS_03: Invalid Type Rejected @regression","mobile-chrome","2026-09-05","passed","2026-09-05","Visual Chaos Configuration API Suite","api/ChaosAndTesting/Test_002_VisualChaosApi.spec.ts","",""
"","143","Testcase 2: Negative: POST /api/register should reject missing password @regression","mobile-chrome","2026-09-05","passed","2026-09-05","Register User API - Positive, Negative, Contract and Security","api/UserManagement/Test_001_RegisterAndLoginUser.spec.ts","",""
"","0","Testcase 6: Security: POST /api/register should reject unsupported content type @regression","firefox","2026-09-05","skipped","2026-09-05","Register User API - Positive, Negative, Contract and Security","api/UserManagement/Test_001_RegisterAndLoginUser.spec.ts","",""
"","0","API_VIS_03: Invalid Type Rejected @regression","mobile-safari","2026-09-05","skipped","2026-09-05","Visual Chaos Configuration API Suite","api/ChaosAndTesting/Test_002_VisualChaosApi.spec.ts","",""
"","300674","A11Y_03: Orphaned Form Label Scan Failure @regression @chaos @a11y","mobile-chrome","2026-09-05","broken","2026-09-05","Accessibility (a11y) Scans Suite","ui/A11y/Test_007_A11yScanValidation.spec.ts","",""
"","0","UI_CART_03: User Cart Isolation @regression","mobile-safari","2026-09-05","skipped","2026-09-05","Cart Management and Checkout Validation","ui/Checkout/Test_003_CartAndCheckoutValidation.spec.ts","",""
"","0","UI_CAT_04: Search - No Results @regression","webkit","2026-09-05","skipped","2026-09-05","Book Catalog Search and Detail View","ui/BookCatalog/Test_002_SearchAndDetailCatalog.spec.ts","",""
"","0","Testcase 5: Security: POST /api/register should handle SQL injection pattern in username without server error or sensitive leakage @regression","mobile-safari","2026-09-05","skipped","2026-09-05","Register User API - Positive, Negative, Contract and Security","api/UserManagement/Test_001_RegisterAndLoginUser.spec.ts","",""
"","574","VIS_REG_05: Search Bar Displacement Assertion @regression @chaos","mobile-chrome","2026-09-05","passed","2026-09-05","Visual Regression & Layout Chaos Suite","ui/VisualRegression/Test_010_VisualRegressionChaos.spec.ts","",""
"","0","VIS_REG_05: Search Bar Displacement Assertion @regression @chaos","webkit","2026-09-05","skipped","2026-09-05","Visual Regression & Layout Chaos Suite","ui/VisualRegression/Test_010_VisualRegressionChaos.spec.ts","",""
"","2534","UI_AUTH_06: Direct unauthenticated navigation to protected routes redirects to Login @smoke @regression","chromium","2026-09-05","passed","2026-09-05","Protected Route Access Guard","ui/UserManagement/Test_003_ProtectedRouteGuard.spec.ts","",""
"","0","Testcase 3: Password Strength Indicator @regression","firefox","2026-09-05","skipped","2026-09-05","Register New User","ui/UserManagement/Test_001_RegisterUser.spec.ts","",""
"","0","Testcase 2: Login With Registered User and Logout @smoke @regression","webkit","2026-09-05","skipped","2026-09-05","Register New User","ui/UserManagement/Test_001_RegisterUser.spec.ts","",""
"","736","Testcase 5: Negative: Negative page number @regression","mobile-chrome","2026-09-05","passed","2026-09-05","Books API - List and Security","api/BookCatalog/Test_001_BooksApi.spec.ts","",""
"","1","Testcase 5: Security: POST /api/register should handle oversized username without server error or sensitive leakage @regression","webkit","2026-09-05","skipped","2026-09-05","Register User API - Positive, Negative, Contract and Security","api/UserManagement/Test_001_RegisterAndLoginUser.spec.ts","",""
"","7573","UI_WIZ_04: Dirty Navigation Alert Dialog @regression","chromium","2026-09-05","passed","2026-09-05","Multi-Step Checkout Wizard","ui/Checkout/Test_004_CheckoutWizardValidation.spec.ts","",""
"","0","Testcase 3: Pagination: Standard page 1 (page=1, limit=5) @regression","mobile-safari","2026-09-05","skipped","2026-09-05","Books API - List and Security","api/BookCatalog/Test_001_BooksApi.spec.ts","",""
"","0","API_LOG_01: Correlation ID Header Generation @smoke @regression","webkit","2026-09-05","skipped","2026-09-05","Structured JSON Logging & Correlation ID API Suite","api/Logging/Test_001_LoggingAndCorrelationApi.spec.ts","",""
"","0","Testcase 1: Complete book purchase successfully @smoke @regression","firefox","2026-09-05","skipped","2026-09-05","Complete Book Purchase","ui/Checkout/Test_001_CompleteBookPurchase.spec.ts","",""
"","0","VIS_REG_05: Search Bar Displacement Assertion @regression @chaos","mobile-safari","2026-09-05","skipped","2026-09-05","Visual Regression & Layout Chaos Suite","ui/VisualRegression/Test_010_VisualRegressionChaos.spec.ts","",""
"","988","UI_STYLE_04: HSL CSS Variable Theme Verification @regression","mobile-chrome","2026-09-05","passed","2026-09-05","Modern UI Styling & Layout Suite","ui/Styling/Test_009_UIStyleAndLayoutValidation.spec.ts","",""
"","0","API_LOG_03: Error Body Correlation ID Mapping @regression","webkit","2026-09-05","skipped","2026-09-05","Structured JSON Logging & Correlation ID API Suite","api/Logging/Test_001_LoggingAndCorrelationApi.spec.ts","",""
"","4579","VIS_REG_09: Reset Restores Visual Baseline @regression @chaos","chromium","2026-09-05","passed","2026-09-05","Visual Regression & Layout Chaos Suite","ui/VisualRegression/Test_010_VisualRegressionChaos.spec.ts","",""
"","0","UI_STYLE_01: Retained Automation Selectors @smoke @regression","mobile-safari","2026-09-05","skipped","2026-09-05","Modern UI Styling & Layout Suite","ui/Styling/Test_009_UIStyleAndLayoutValidation.spec.ts","",""
"","3902","UI_CART_02: Remove Item from Cart @regression","chromium","2026-09-05","passed","2026-09-05","Cart Management and Checkout Validation","ui/Checkout/Test_003_CartAndCheckoutValidation.spec.ts","",""
"","0","Testcase 3: Login Validation Errors @regression","mobile-safari","2026-09-05","skipped","2026-09-05","Login With Existing User","ui/UserManagement/Test_002_LoginWithExistingUser.spec.ts","",""
"","0","UI_CART_02: Remove Item from Cart @regression","mobile-safari","2026-09-05","skipped","2026-09-05","Cart Management and Checkout Validation","ui/Checkout/Test_003_CartAndCheckoutValidation.spec.ts","",""
"","0","API_REF_02: Refresh Token Issuance @smoke @regression","firefox","2026-09-05","skipped","2026-09-05","Token Refresh and Profile Upload API Suite","api/UserManagement/Test_002_TokenRefreshAndProfileApi.spec.ts","",""
"","0","VIS_REG_07: Checkout Button Margin Shift @regression @chaos","webkit","2026-09-05","skipped","2026-09-05","Visual Regression & Layout Chaos Suite","ui/VisualRegression/Test_010_VisualRegressionChaos.spec.ts","",""
"","0","Testcase 6: Security: Request without Content-Type header should be handled @regression","webkit","2026-09-05","skipped","2026-09-05","Books API - List and Security","api/BookCatalog/Test_001_BooksApi.spec.ts","",""
"","1769","A11Y_04: Text Color Contrast Scan Failure @regression @chaos @a11y","mobile-chrome","2026-09-05","passed","2026-09-05","Accessibility (a11y) Scans Suite","ui/A11y/Test_007_A11yScanValidation.spec.ts","",""
"","0","Testcase 4: Data Integrity: Page 1 last item should not be Page 2 first item @regression","firefox","2026-09-05","skipped","2026-09-05","Books API - List and Security","api/BookCatalog/Test_001_BooksApi.spec.ts","",""
"","0","VIS_REG_04: Book Cover Blur Filter Assertion @regression @chaos","firefox","2026-09-05","skipped","2026-09-05","Visual Regression & Layout Chaos Suite","ui/VisualRegression/Test_010_VisualRegressionChaos.spec.ts","",""
"","979","UI_CAT_04: Search - No Results @regression","mobile-chrome","2026-09-05","passed","2026-09-05","Book Catalog Search and Detail View","ui/BookCatalog/Test_002_SearchAndDetailCatalog.spec.ts","",""
"","0","Testcase 2: Login Using Saved Session Storage @smoke @regression","mobile-safari","2026-09-05","skipped","2026-09-05","Login With Existing User","ui/UserManagement/Test_002_LoginWithExistingUser.spec.ts","",""
"","2136","A11Y_01: Standard Accessibility Compliance @smoke @regression @a11y","chromium","2026-09-05","passed","2026-09-05","Accessibility (a11y) Scans Suite","ui/A11y/Test_007_A11yScanValidation.spec.ts","",""
"","0","Testcase 1: Complete book purchase successfully @smoke @regression","webkit","2026-09-05","skipped","2026-09-05","Complete Book Purchase","ui/Checkout/Test_001_CompleteBookPurchase.spec.ts","",""
"","0","API_CHAOS_02: Inject API latency @smoke @regression @chaos","webkit","2026-09-05","skipped","2026-09-05","Chaos and Testing Utilities API","api/ChaosAndTesting/Test_001_ChaosAndTestingApi.spec.ts","",""
"","207","Testcase 5: Security: POST /api/register should handle script tag in fullName without server error or sensitive leakage @regression","chromium","2026-09-05","passed","2026-09-05","Register User API - Positive, Negative, Contract and Security","api/UserManagement/Test_001_RegisterAndLoginUser.spec.ts","",""
"","0","Testcase 7: Positive and Contract: POST /api/login should login a registered user successfully @smoke @regression","mobile-safari","2026-09-05","skipped","2026-09-05","Login API - Positive, Negative and Security","api/UserManagement/Test_001_RegisterAndLoginUser.spec.ts","",""
"","0","WS_RESIL_01: Automatic Connection Recovery @regression @chaos","mobile-safari","2026-09-05","skipped","2026-09-05","WebSockets Event & Resilience Suite","ui/WebSockets/Test_008_WebSocketResilienceValidation.spec.ts","",""
"","0","UI_UPL_04: Upload Chaos Failure Recovery @regression @chaos","firefox","2026-09-05","skipped","2026-09-05","Profile Picture Upload","ui/Profile/Test_005_ProfilePictureUpload.spec.ts","",""
"","0","UI_PROF_01: Verify user account profile summary and avatar preview render correctly @smoke @regression","webkit","2026-09-05","skipped","2026-09-05","Profile Summary and Order History","ui/Profile/Test_006_ProfileSummaryAndOrderHistory.spec.ts","",""
"","0","UI_WIZ_03: Wizard Back Step History preservation @regression","firefox","2026-09-05","skipped","2026-09-05","Multi-Step Checkout Wizard","ui/Checkout/Test_004_CheckoutWizardValidation.spec.ts","",""
"","1","Testcase 7: Defaults: Verify API works without query parameters @smoke @regression","webkit","2026-09-05","skipped","2026-09-05","Books API - List and Security","api/BookCatalog/Test_001_BooksApi.spec.ts","",""
"","900","VIS_REG_01: Baseline Catalog Screenshot @regression @visual","mobile-chrome","2026-09-05","failed","2026-09-05","Visual Regression & Layout Chaos Suite","ui/VisualRegression/Test_010_VisualRegressionChaos.spec.ts","",""
"","0","Testcase 7: Positive and Contract: POST /api/login should login a registered user successfully @smoke @regression","webkit","2026-09-05","skipped","2026-09-05","Login API - Positive, Negative and Security","api/UserManagement/Test_001_RegisterAndLoginUser.spec.ts","",""
"","2495","UI_UPL_01: Valid Profile Picture Upload @smoke @regression","chromium","2026-09-05","passed","2026-09-05","Profile Picture Upload","ui/Profile/Test_005_ProfilePictureUpload.spec.ts","",""
"","1323","VIS_REG_05: Search Bar Displacement Assertion @regression @chaos","chromium","2026-09-05","passed","2026-09-05","Visual Regression & Layout Chaos Suite","ui/VisualRegression/Test_010_VisualRegressionChaos.spec.ts","",""
"","231","Testcase 11: Security: POST /api/login should handle script tag in username without server error or sensitive leakage @regression","mobile-chrome","2026-09-05","passed","2026-09-05","Login API - Positive, Negative and Security","api/UserManagement/Test_001_RegisterAndLoginUser.spec.ts","",""
"","234","API_REF_03: Silent Token Refresh @regression","chromium","2026-09-05","passed","2026-09-05","Token Refresh and Profile Upload API Suite","api/UserManagement/Test_002_TokenRefreshAndProfileApi.spec.ts","",""
"","0","Testcase 12: Security: POST /api/login should reject unsupported content type @regression","firefox","2026-09-05","skipped","2026-09-05","Login API - Positive, Negative and Security","api/UserManagement/Test_001_RegisterAndLoginUser.spec.ts","",""
"","0","Testcase 2: Negative: POST /api/register should reject missing username @regression","mobile-safari","2026-09-05","skipped","2026-09-05","Register User API - Positive, Negative, Contract and Security","api/UserManagement/Test_001_RegisterAndLoginUser.spec.ts","",""
"","0","UI_WIZ_04: Dirty Navigation Alert Dialog @regression","firefox","2026-09-05","skipped","2026-09-05","Multi-Step Checkout Wizard","ui/Checkout/Test_004_CheckoutWizardValidation.spec.ts","",""
"","211","Testcase 9: Negative: POST /api/login should reject empty password @regression","mobile-chrome","2026-09-05","passed","2026-09-05","Login API - Positive, Negative and Security","api/UserManagement/Test_001_RegisterAndLoginUser.spec.ts","",""
"","0","API_VIS_03: Invalid Type Rejected @regression","webkit","2026-09-05","skipped","2026-09-05","Visual Chaos Configuration API Suite","api/ChaosAndTesting/Test_002_VisualChaosApi.spec.ts","",""
"","0","API_REF_03: Silent Token Refresh @regression","firefox","2026-09-05","skipped","2026-09-05","Token Refresh and Profile Upload API Suite","api/UserManagement/Test_002_TokenRefreshAndProfileApi.spec.ts","",""
"","0","Testcase 6: Security: POST /api/register should reject unsupported content type @regression","mobile-safari","2026-09-05","skipped","2026-09-05","Register User API - Positive, Negative, Contract and Security","api/UserManagement/Test_001_RegisterAndLoginUser.spec.ts","",""
"","161","API_VIS_04: Combine with Other Chaos Params @regression @chaos","chromium","2026-09-05","passed","2026-09-05","Visual Chaos Configuration API Suite","api/ChaosAndTesting/Test_002_VisualChaosApi.spec.ts","",""
"","0","Testcase 5: Negative: Negative page number @regression","firefox","2026-09-05","skipped","2026-09-05","Books API - List and Security","api/BookCatalog/Test_001_BooksApi.spec.ts","",""
"","616","API_SAN_01: Concurrent sessions maintain 100% data isolation for cart and user state @smoke @regression @sandboxing","chromium","2026-09-05","passed","2026-09-05","Session-Partitioned Data Sandboxing & Multi-Tenant Isolation","api/ChaosAndTesting/Test_003_SessionSandboxingApi.spec.ts","",""
"","588","Testcase 4: Data Integrity: Page 1 last item should not be Page 2 first item @regression","chromium","2026-09-05","passed","2026-09-05","Books API - List and Security","api/BookCatalog/Test_001_BooksApi.spec.ts","",""
"","1842","Testcase 3: Login Validation Errors @regression","mobile-chrome","2026-09-05","passed","2026-09-05","Login With Existing User","ui/UserManagement/Test_002_LoginWithExistingUser.spec.ts","",""
"","0","Testcase 3: Pagination: Standard page 2 (page=2, limit=5) @regression","mobile-safari","2026-09-05","skipped","2026-09-05","Books API - List and Security","api/BookCatalog/Test_001_BooksApi.spec.ts","",""
"","3799","UI_UPL_03: File Size Limit Validation @smoke @regression","chromium","2026-09-05","passed","2026-09-05","Profile Picture Upload","ui/Profile/Test_005_ProfilePictureUpload.spec.ts","",""
"","0","UI_STYLE_03: Hover Animation CSS Verification @regression","webkit","2026-09-05","skipped","2026-09-05","Modern UI Styling & Layout Suite","ui/Styling/Test_009_UIStyleAndLayoutValidation.spec.ts","",""
"","239","Testcase 12: Security: POST /api/login should reject unsupported content type @regression","mobile-chrome","2026-09-05","passed","2026-09-05","Login API - Positive, Negative and Security","api/UserManagement/Test_001_RegisterAndLoginUser.spec.ts","",""
"","1","API_CART_01: Cart persistence after server crash @smoke @regression","firefox","2026-09-05","skipped","2026-09-05","Cart & Inventory API","api/CartAndInventory/Test_001_CartAndInventoryApi.spec.ts","",""
"","0","UI_UPL_02: File Extension Filter Validation @smoke @regression","mobile-safari","2026-09-05","skipped","2026-09-05","Profile Picture Upload","ui/Profile/Test_005_ProfilePictureUpload.spec.ts","",""
"","0","VIS_REG_06: Price Tag Rotation Assertion @regression @chaos","webkit","2026-09-05","skipped","2026-09-05","Visual Regression & Layout Chaos Suite","ui/VisualRegression/Test_010_VisualRegressionChaos.spec.ts","",""
"","522","API_TEST_01: Global reset clears all non-default users and carts @smoke @regression","mobile-chrome","2026-09-05","passed","2026-09-05","Chaos and Testing Utilities API","api/ChaosAndTesting/Test_001_ChaosAndTestingApi.spec.ts","",""
"","0","Testcase 2: Login With Registered User and Logout @smoke @regression","firefox","2026-09-05","skipped","2026-09-05","Register New User","ui/UserManagement/Test_001_RegisterUser.spec.ts","",""
"","0","UI_WIZ_01: Stepper Transition Validation @smoke @regression","firefox","2026-09-05","skipped","2026-09-05","Multi-Step Checkout Wizard","ui/Checkout/Test_004_CheckoutWizardValidation.spec.ts","",""
"","140","Testcase 4: Negative: GET /api/register should not be allowed for user registration @regression","chromium","2026-09-05","passed","2026-09-05","Register User API - Positive, Negative, Contract and Security","api/UserManagement/Test_001_RegisterAndLoginUser.spec.ts","",""
"","0","Testcase 1: Complete New Customer E2E Journey from Registration to Checkout @smoke @regression","webkit","2026-09-05","skipped","2026-09-05","End-to-End User Journey","ui/Checkout/Test_005_EndToEndNewCustomerJourney.spec.ts","",""
"","1","Testcase 6: Security: Request without Content-Type header should be handled @regression","mobile-safari","2026-09-05","skipped","2026-09-05","Books API - List and Security","api/BookCatalog/Test_001_BooksApi.spec.ts","",""
"","3543","Verify Books Count in pagination @smoke @regression","mobile-chrome","2026-09-05","passed","2026-09-05","Initial Catalog","ui/BookCatalog/Test_001_InitialCatalog.spec.ts","",""
"","627","Testcase 3: Pagination: Exceeding total pages (page=9999, limit=10) @regression","chromium","2026-09-05","passed","2026-09-05","Books API - List and Security","api/BookCatalog/Test_001_BooksApi.spec.ts","",""
"","16348","Testcase 2: Login With Registered User and Logout @smoke @regression","mobile-chrome","2026-09-05","failed","2026-09-05","Register New User","ui/UserManagement/Test_001_RegisterUser.spec.ts","",""
"","0","Testcase 9: Negative: POST /api/login should reject unregistered user @regression","firefox","2026-09-05","skipped","2026-09-05","Login API - Positive, Negative and Security","api/UserManagement/Test_001_RegisterAndLoginUser.spec.ts","",""
"","0","API_CHAOS_01: Inject checkout failures @smoke @regression @chaos","webkit","2026-09-05","skipped","2026-09-05","Chaos and Testing Utilities API","api/ChaosAndTesting/Test_001_ChaosAndTestingApi.spec.ts","",""
"","0","API_SAN_01: Concurrent sessions maintain 100% data isolation for cart and user state @smoke @regression @sandboxing","firefox","2026-09-05","skipped","2026-09-05","Session-Partitioned Data Sandboxing & Multi-Tenant Isolation","api/ChaosAndTesting/Test_003_SessionSandboxingApi.spec.ts","",""
"","638","Testcase 4: Data Integrity: Page 1 last item should not be Page 2 first item @regression","mobile-chrome","2026-09-05","passed","2026-09-05","Books API - List and Security","api/BookCatalog/Test_001_BooksApi.spec.ts","",""
"","1941","A11Y_04: Text Color Contrast Scan Failure @regression @chaos @a11y","chromium","2026-09-05","passed","2026-09-05","Accessibility (a11y) Scans Suite","ui/A11y/Test_007_A11yScanValidation.spec.ts","",""
"","0","Testcase 5: Security: POST /api/register should handle script tag in fullName without server error or sensitive leakage @regression","webkit","2026-09-05","skipped","2026-09-05","Register User API - Positive, Negative, Contract and Security","api/UserManagement/Test_001_RegisterAndLoginUser.spec.ts","",""
"","0","UI_CAT_03: Search Filtering @regression","mobile-safari","2026-09-05","skipped","2026-09-05","Book Catalog Search and Detail View","ui/BookCatalog/Test_002_SearchAndDetailCatalog.spec.ts","",""
"","0","UI_UPL_01: Valid Profile Picture Upload @smoke @regression","webkit","2026-09-05","skipped","2026-09-05","Profile Picture Upload","ui/Profile/Test_005_ProfilePictureUpload.spec.ts","",""
"","0","UI_CART_04: Cart item addition and removal dynamically recalculates item count and order total @regression","webkit","2026-09-05","skipped","2026-09-05","Cart Quantity & Total Adjustment","ui/Checkout/Test_006_CartQuantityAdjustment.spec.ts","",""
"","0","UI_CAT_04: Search - No Results @regression","mobile-safari","2026-09-05","skipped","2026-09-05","Book Catalog Search and Detail View","ui/BookCatalog/Test_002_SearchAndDetailCatalog.spec.ts","",""
"","195","Testcase 9: Negative: POST /api/login should reject empty password @regression","chromium","2026-09-05","passed","2026-09-05","Login API - Positive, Negative and Security","api/UserManagement/Test_001_RegisterAndLoginUser.spec.ts","",""
"","118","Testcase 2: Negative: POST /api/register should reject missing username @regression","mobile-chrome","2026-09-05","passed","2026-09-05","Register User API - Positive, Negative, Contract and Security","api/UserManagement/Test_001_RegisterAndLoginUser.spec.ts","",""
"","361","API_LOG_04: User Context Log Association @regression","mobile-chrome","2026-09-05","passed","2026-09-05","Structured JSON Logging & Correlation ID API Suite","api/Logging/Test_001_LoggingAndCorrelationApi.spec.ts","",""
"","0","UI_PROF_01: Verify user account profile summary and avatar preview render correctly @smoke @regression","mobile-safari","2026-09-05","skipped","2026-09-05","Profile Summary and Order History","ui/Profile/Test_006_ProfileSummaryAndOrderHistory.spec.ts","",""
"","169","API_LOG_03: Error Body Correlation ID Mapping @regression","mobile-chrome","2026-09-05","passed","2026-09-05","Structured JSON Logging & Correlation ID API Suite","api/Logging/Test_001_LoggingAndCorrelationApi.spec.ts","",""
"","0","Testcase 2: Negative: POST /api/register should reject empty password @regression","webkit","2026-09-05","skipped","2026-09-05","Register User API - Positive, Negative, Contract and Security","api/UserManagement/Test_001_RegisterAndLoginUser.spec.ts","",""
"","124","Testcase 2: Negative: POST /api/register should reject missing password @regression","chromium","2026-09-05","passed","2026-09-05","Register User API - Positive, Negative, Contract and Security","api/UserManagement/Test_001_RegisterAndLoginUser.spec.ts","",""
"","0","Testcase 5: Security: POST /api/register should handle SQL injection pattern in username without server error or sensitive leakage @regression","firefox","2026-09-05","skipped","2026-09-05","Register User API - Positive, Negative, Contract and Security","api/UserManagement/Test_001_RegisterAndLoginUser.spec.ts","",""
"","0","WS_EVENT_01: Broadcasted Event Reception @smoke @regression","firefox","2026-09-05","skipped","2026-09-05","WebSockets Event & Resilience Suite","ui/WebSockets/Test_008_WebSocketResilienceValidation.spec.ts","",""
"","0","API_TEST_01: Global reset clears all non-default users and carts @smoke @regression","firefox","2026-09-05","skipped","2026-09-05","Chaos and Testing Utilities API","api/ChaosAndTesting/Test_001_ChaosAndTestingApi.spec.ts","",""
"","0","UI_STYLE_03: Hover Animation CSS Verification @regression","mobile-safari","2026-09-05","skipped","2026-09-05","Modern UI Styling & Layout Suite","ui/Styling/Test_009_UIStyleAndLayoutValidation.spec.ts","",""
"","759","WS_CONN_01: WebSocket State Indicator @smoke @regression","chromium","2026-09-05","passed","2026-09-05","WebSockets Event & Resilience Suite","ui/WebSockets/Test_008_WebSocketResilienceValidation.spec.ts","",""
"","4","authenticate seed user and cache storage state","setup","2026-09-05","failed","2026-09-05","","auth.setup.ts","",""
"","0","API_SAN_01: Concurrent sessions maintain 100% data isolation for cart and user state @smoke @regression @sandboxing","mobile-safari","2026-09-05","skipped","2026-09-05","Session-Partitioned Data Sandboxing & Multi-Tenant Isolation","api/ChaosAndTesting/Test_003_SessionSandboxingApi.spec.ts","",""
"","0","Verify Books Count in pagination @smoke @regression","mobile-safari","2026-09-05","skipped","2026-09-05","Initial Catalog","ui/BookCatalog/Test_001_InitialCatalog.spec.ts","",""
"","0","API_REF_01: Dynamic Access Token Expiry @smoke @regression @chaos","mobile-safari","2026-09-05","skipped","2026-09-05","Token Refresh and Profile Upload API Suite","api/UserManagement/Test_002_TokenRefreshAndProfileApi.spec.ts","",""
"","217","Testcase 11: Security: POST /api/login should handle SQL injection pattern in username without server error or sensitive leakage @regression","mobile-chrome","2026-09-05","passed","2026-09-05","Login API - Positive, Negative and Security","api/UserManagement/Test_001_RegisterAndLoginUser.spec.ts","",""
"","0","VIS_REG_06: Price Tag Rotation Assertion @regression @chaos","firefox","2026-09-05","skipped","2026-09-05","Visual Regression & Layout Chaos Suite","ui/VisualRegression/Test_010_VisualRegressionChaos.spec.ts","",""
"","319","Testcase 7: Positive and Contract: POST /api/login should login a registered user successfully @smoke @regression","mobile-chrome","2026-09-05","passed","2026-09-05","Login API - Positive, Negative and Security","api/UserManagement/Test_001_RegisterAndLoginUser.spec.ts","",""
"","0","API_VIS_01: Toggle visualChaos Config via API @smoke @regression @chaos","webkit","2026-09-05","skipped","2026-09-05","Visual Chaos Configuration API Suite","api/ChaosAndTesting/Test_002_VisualChaosApi.spec.ts","",""
"","615","VIS_REG_03: Book Card Border Color Assertion @regression @chaos","mobile-chrome","2026-09-05","passed","2026-09-05","Visual Regression & Layout Chaos Suite","ui/VisualRegression/Test_010_VisualRegressionChaos.spec.ts","",""
"","138","API_VIS_02: Default visualChaos is False @smoke @regression","mobile-chrome","2026-09-05","passed","2026-09-05","Visual Chaos Configuration API Suite","api/ChaosAndTesting/Test_002_VisualChaosApi.spec.ts","",""
"","125","API_VIS_01: Toggle visualChaos Config via API @smoke @regression @chaos","mobile-chrome","2026-09-05","passed","2026-09-05","Visual Chaos Configuration API Suite","api/ChaosAndTesting/Test_002_VisualChaosApi.spec.ts","",""
"","252","Testcase 3: Negative: POST /api/register should reject duplicate usernames @smoke @regression","mobile-chrome","2026-09-05","passed","2026-09-05","Register User API - Positive, Negative, Contract and Security","api/UserManagement/Test_001_RegisterAndLoginUser.spec.ts","",""
"","0","Testcase 11: Security: POST /api/login should handle script tag in username without server error or sensitive leakage @regression","firefox","2026-09-05","skipped","2026-09-05","Login API - Positive, Negative and Security","api/UserManagement/Test_001_RegisterAndLoginUser.spec.ts","",""
"","0","API_LOG_04: User Context Log Association @regression","firefox","2026-09-05","skipped","2026-09-05","Structured JSON Logging & Correlation ID API Suite","api/Logging/Test_001_LoggingAndCorrelationApi.spec.ts","",""
"","0","Testcase 6: Security: POST /api/register should reject unsupported content type @regression","webkit","2026-09-05","skipped","2026-09-05","Register User API - Positive, Negative, Contract and Security","api/UserManagement/Test_001_RegisterAndLoginUser.spec.ts","",""
"","0","Testcase 3: Pagination: Standard page 1 (page=1, limit=5) @regression","firefox","2026-09-05","skipped","2026-09-05","Books API - List and Security","api/BookCatalog/Test_001_BooksApi.spec.ts","",""
"","1","API_CART_01: Cart persistence after server crash @smoke @regression","mobile-safari","2026-09-05","skipped","2026-09-05","Cart & Inventory API","api/CartAndInventory/Test_001_CartAndInventoryApi.spec.ts","",""
"","0","Testcase 12: Security: POST /api/login should reject unsupported content type @regression","mobile-safari","2026-09-05","skipped","2026-09-05","Login API - Positive, Negative and Security","api/UserManagement/Test_001_RegisterAndLoginUser.spec.ts","",""
"","0","Testcase 4: Negative: GET /api/register should not be allowed for user registration @regression","webkit","2026-09-05","skipped","2026-09-05","Register User API - Positive, Negative, Contract and Security","api/UserManagement/Test_001_RegisterAndLoginUser.spec.ts","",""
"","197","Testcase 9: Negative: POST /api/login should reject empty username @regression","chromium","2026-09-05","passed","2026-09-05","Login API - Positive, Negative and Security","api/UserManagement/Test_001_RegisterAndLoginUser.spec.ts","",""
"","0","API_CHAOS_01: Inject checkout failures @smoke @regression @chaos","firefox","2026-09-05","skipped","2026-09-05","Chaos and Testing Utilities API","api/ChaosAndTesting/Test_001_ChaosAndTestingApi.spec.ts","",""
"","523","API_CART_01: Cart persistence after server crash @smoke @regression","chromium","2026-09-05","passed","2026-09-05","Cart & Inventory API","api/CartAndInventory/Test_001_CartAndInventoryApi.spec.ts","",""
"","1","Testcase 2: GET /api/books?page=2&limit=8 - should return a paged book list with valid contract for page 2 @smoke @regression","firefox","2026-09-05","skipped","2026-09-05","Books API - List and Security","api/BookCatalog/Test_001_BooksApi.spec.ts","",""
"","0","Testcase 11: Security: POST /api/login should handle oversized username without server error or sensitive leakage @regression","firefox","2026-09-05","skipped","2026-09-05","Login API - Positive, Negative and Security","api/UserManagement/Test_001_RegisterAndLoginUser.spec.ts","",""
"","16503","UI_REF_01: Transparent Client Request Retry @regression","mobile-chrome","2026-09-05","failed","2026-09-05","JWT Expiration & Silent Refresh UI Suite","ui/Refresh/Test_006_JwtRefreshValidation.spec.ts","",""
"","1114","VIS_REG_02: Chaos-Enabled Catalog Pixel Diff @regression @chaos","mobile-chrome","2026-09-05","passed","2026-09-05","Visual Regression & Layout Chaos Suite","ui/VisualRegression/Test_010_VisualRegressionChaos.spec.ts","",""
"","17107","UI_CART_03: User Cart Isolation @regression","mobile-chrome","2026-09-05","failed","2026-09-05","Cart Management and Checkout Validation","ui/Checkout/Test_003_CartAndCheckoutValidation.spec.ts","",""
"","0","Testcase 13: Security: GET /api/cart without auth cookies should return 401 Unauthorized @smoke @regression","mobile-safari","2026-09-05","skipped","2026-09-05","Login API - Positive, Negative and Security","api/UserManagement/Test_001_RegisterAndLoginUser.spec.ts","",""
"","0","Testcase 10: Negative: GET /api/login should not be allowed for login @regression","firefox","2026-09-05","skipped","2026-09-05","Login API - Positive, Negative and Security","api/UserManagement/Test_001_RegisterAndLoginUser.spec.ts","",""
"","0","API_REF_01: Dynamic Access Token Expiry @smoke @regression @chaos","firefox","2026-09-05","skipped","2026-09-05","Token Refresh and Profile Upload API Suite","api/UserManagement/Test_002_TokenRefreshAndProfileApi.spec.ts","",""
"","0","Testcase 4: Negative: GET /api/register should not be allowed for user registration @regression","firefox","2026-09-05","skipped","2026-09-05","Register User API - Positive, Negative, Contract and Security","api/UserManagement/Test_001_RegisterAndLoginUser.spec.ts","",""
"","1553","Testcase 2: Login Using Saved Session Storage @smoke @regression","chromium","2026-09-05","passed","2026-09-05","Login With Existing User","ui/UserManagement/Test_002_LoginWithExistingUser.spec.ts","",""
"","0","Testcase 9: Negative: POST /api/login should reject empty username @regression","firefox","2026-09-05","skipped","2026-09-05","Login API - Positive, Negative and Security","api/UserManagement/Test_001_RegisterAndLoginUser.spec.ts","",""
"","0","Testcase 1: Register New User @smoke @regression","mobile-safari","2026-09-05","skipped","2026-09-05","Register New User","ui/UserManagement/Test_001_RegisterUser.spec.ts","",""
"","0","API_CHAOS_02: Inject API latency @smoke @regression @chaos","firefox","2026-09-05","skipped","2026-09-05","Chaos and Testing Utilities API","api/ChaosAndTesting/Test_001_ChaosAndTestingApi.spec.ts","",""
"","0","Testcase 1: Register New User @smoke @regression","webkit","2026-09-05","skipped","2026-09-05","Register New User","ui/UserManagement/Test_001_RegisterUser.spec.ts","",""
"","1896","UI_STYLE_02: Catalog Grid Layout Responsiveness @regression","mobile-chrome","2026-09-05","passed","2026-09-05","Modern UI Styling & Layout Suite","ui/Styling/Test_009_UIStyleAndLayoutValidation.spec.ts","",""
"","99","API_UPL_01: Unauthorized Session Check @regression","chromium","2026-09-05","passed","2026-09-05","Token Refresh and Profile Upload API Suite","api/UserManagement/Test_002_TokenRefreshAndProfileApi.spec.ts","",""
"","4484","VIS_REG_09: Reset Restores Visual Baseline @regression @chaos","mobile-chrome","2026-09-05","passed","2026-09-05","Visual Regression & Layout Chaos Suite","ui/VisualRegression/Test_010_VisualRegressionChaos.spec.ts","",""
"","1647","Testcase 2: GET /api/books?page=2&limit=8 - should return a paged book list with valid contract for page 2 @smoke @regression","chromium","2026-09-05","passed","2026-09-05","Books API - List and Security","api/BookCatalog/Test_001_BooksApi.spec.ts","",""
"","0","UI_UPL_02: File Extension Filter Validation @smoke @regression","firefox","2026-09-05","skipped","2026-09-05","Profile Picture Upload","ui/Profile/Test_005_ProfilePictureUpload.spec.ts","",""
"","0","VIS_REG_07: Checkout Button Margin Shift @regression @chaos","firefox","2026-09-05","skipped","2026-09-05","Visual Regression & Layout Chaos Suite","ui/VisualRegression/Test_010_VisualRegressionChaos.spec.ts","",""
"","16601","UI_UPL_02: File Extension Filter Validation @smoke @regression","mobile-chrome","2026-09-05","failed","2026-09-05","Profile Picture Upload","ui/Profile/Test_005_ProfilePictureUpload.spec.ts","",""
"","0","UI_UPL_03: File Size Limit Validation @smoke @regression","firefox","2026-09-05","skipped","2026-09-05","Profile Picture Upload","ui/Profile/Test_005_ProfilePictureUpload.spec.ts","",""
"","0","Testcase 1: Complete checkout after cart persists across logout and login @smoke @regression","mobile-safari","2026-09-05","skipped","2026-09-05","Cart Persistence Checkout","ui/Checkout/Test_002_CartPersistenceCheckout.spec.ts","",""
"","0","API_LOG_02: Correlation ID Header Preservation @regression","firefox","2026-09-05","skipped","2026-09-05","Structured JSON Logging & Correlation ID API Suite","api/Logging/Test_001_LoggingAndCorrelationApi.spec.ts","",""
"","0","VIS_REG_01: Baseline Catalog Screenshot @regression @visual","mobile-safari","2026-09-05","skipped","2026-09-05","Visual Regression & Layout Chaos Suite","ui/VisualRegression/Test_010_VisualRegressionChaos.spec.ts","",""
"","0","Verify Books Count in pagination @smoke @regression","webkit","2026-09-05","skipped","2026-09-05","Initial Catalog","ui/BookCatalog/Test_001_InitialCatalog.spec.ts","",""
"","598","VIS_REG_04: Book Cover Blur Filter Assertion @regression @chaos","mobile-chrome","2026-09-05","passed","2026-09-05","Visual Regression & Layout Chaos Suite","ui/VisualRegression/Test_010_VisualRegressionChaos.spec.ts","",""
"","1174","UI_STYLE_02: Catalog Grid Layout Responsiveness @regression","chromium","2026-09-05","passed","2026-09-05","Modern UI Styling & Layout Suite","ui/Styling/Test_009_UIStyleAndLayoutValidation.spec.ts","",""
"","0","API_CHAOS_01: Inject checkout failures @smoke @regression @chaos","mobile-safari","2026-09-05","skipped","2026-09-05","Chaos and Testing Utilities API","api/ChaosAndTesting/Test_001_ChaosAndTestingApi.spec.ts","",""
"","2294","A11Y_02: Image Alternative Text Scan Failure @regression @chaos @a11y","chromium","2026-09-05","passed","2026-09-05","Accessibility (a11y) Scans Suite","ui/A11y/Test_007_A11yScanValidation.spec.ts","",""
"","0","Testcase 7: Defaults: Verify API works without query parameters @smoke @regression","firefox","2026-09-05","skipped","2026-09-05","Books API - List and Security","api/BookCatalog/Test_001_BooksApi.spec.ts","",""
"","0","Testcase 10: Negative: GET /api/login should not be allowed for login @regression","webkit","2026-09-05","skipped","2026-09-05","Login API - Positive, Negative and Security","api/UserManagement/Test_001_RegisterAndLoginUser.spec.ts","",""
"","16124","UI_WIZ_01: Stepper Transition Validation @smoke @regression","mobile-chrome","2026-09-05","failed","2026-09-05","Multi-Step Checkout Wizard","ui/Checkout/Test_004_CheckoutWizardValidation.spec.ts","",""
"","659","Testcase 3: Pagination: Minimum limit (page=1, limit=1) @regression","chromium","2026-09-05","passed","2026-09-05","Books API - List and Security","api/BookCatalog/Test_001_BooksApi.spec.ts","",""
"","2280","VIS_REG_02: Chaos-Enabled Catalog Pixel Diff @regression @chaos","chromium","2026-09-05","passed","2026-09-05","Visual Regression & Layout Chaos Suite","ui/VisualRegression/Test_010_VisualRegressionChaos.spec.ts","",""
"","0","Testcase 4: Data Integrity: Page 1 last item should not be Page 2 first item @regression","webkit","2026-09-05","skipped","2026-09-05","Books API - List and Security","api/BookCatalog/Test_001_BooksApi.spec.ts","",""
"","0","UI_WIZ_01: Stepper Transition Validation @smoke @regression","mobile-safari","2026-09-05","skipped","2026-09-05","Multi-Step Checkout Wizard","ui/Checkout/Test_004_CheckoutWizardValidation.spec.ts","",""
"","0","Testcase 4: Data Integrity: Page 1 last item should not be Page 2 first item @regression","mobile-safari","2026-09-05","skipped","2026-09-05","Books API - List and Security","api/BookCatalog/Test_001_BooksApi.spec.ts","",""
"","0","A11Y_03: Orphaned Form Label Scan Failure @regression @chaos @a11y","webkit","2026-09-05","skipped","2026-09-05","Accessibility (a11y) Scans Suite","ui/A11y/Test_007_A11yScanValidation.spec.ts","",""
"","0","Testcase 2: GET /api/books?page=2&limit=8 - should return a paged book list with valid contract for page 2 @smoke @regression","mobile-safari","2026-09-05","skipped","2026-09-05","Books API - List and Security","api/BookCatalog/Test_001_BooksApi.spec.ts","",""
"","0","VIS_REG_01: Baseline Catalog Screenshot @regression @visual","webkit","2026-09-05","skipped","2026-09-05","Visual Regression & Layout Chaos Suite","ui/VisualRegression/Test_010_VisualRegressionChaos.spec.ts","",""
"","4344","WS_EVENT_02: Hot-Toast Alert Trigger @regression","chromium","2026-09-05","passed","2026-09-05","WebSockets Event & Resilience Suite","ui/WebSockets/Test_008_WebSocketResilienceValidation.spec.ts","",""
"","0","API_LOG_01: Correlation ID Header Generation @smoke @regression","mobile-safari","2026-09-05","skipped","2026-09-05","Structured JSON Logging & Correlation ID API Suite","api/Logging/Test_001_LoggingAndCorrelationApi.spec.ts","",""
"","186","API_INV_01: Trigger inventory report @smoke @regression","mobile-chrome","2026-09-05","passed","2026-09-05","Cart & Inventory API","api/CartAndInventory/Test_001_CartAndInventoryApi.spec.ts","",""
"","0","Testcase 5: Negative: String instead of number @regression","webkit","2026-09-05","skipped","2026-09-05","Books API - List and Security","api/BookCatalog/Test_001_BooksApi.spec.ts","",""
"","1","UI_REF_01: Transparent Client Request Retry @regression","mobile-safari","2026-09-05","skipped","2026-09-05","JWT Expiration & Silent Refresh UI Suite","ui/Refresh/Test_006_JwtRefreshValidation.spec.ts","",""
"","193","Testcase 10: Negative: GET /api/login should not be allowed for login @regression","chromium","2026-09-05","passed","2026-09-05","Login API - Positive, Negative and Security","api/UserManagement/Test_001_RegisterAndLoginUser.spec.ts","",""
"","0","VIS_REG_09: Reset Restores Visual Baseline @regression @chaos","webkit","2026-09-05","skipped","2026-09-05","Visual Regression & Layout Chaos Suite","ui/VisualRegression/Test_010_VisualRegressionChaos.spec.ts","",""
"","238","Testcase 3: Negative: POST /api/register should reject duplicate usernames @smoke @regression","chromium","2026-09-05","passed","2026-09-05","Register User API - Positive, Negative, Contract and Security","api/UserManagement/Test_001_RegisterAndLoginUser.spec.ts","",""
"","0","Testcase 1: Positive and Contract: POST /api/register should register a user and allow login @smoke @regression","webkit","2026-09-05","skipped","2026-09-05","Register User API - Positive, Negative, Contract and Security","api/UserManagement/Test_001_RegisterAndLoginUser.spec.ts","",""
"","673","Testcase 6: Security: Request without Content-Type header should be handled @regression","mobile-chrome","2026-09-05","passed","2026-09-05","Books API - List and Security","api/BookCatalog/Test_001_BooksApi.spec.ts","",""
"","0","Testcase 2: Login Using Saved Session Storage @smoke @regression","firefox","2026-09-05","skipped","2026-09-05","Login With Existing User","ui/UserManagement/Test_002_LoginWithExistingUser.spec.ts","",""
"","0","VIS_REG_01: Baseline Catalog Screenshot @regression @visual","firefox","2026-09-05","skipped","2026-09-05","Visual Regression & Layout Chaos Suite","ui/VisualRegression/Test_010_VisualRegressionChaos.spec.ts","",""
"","0","Testcase 2: Login Using Saved Session Storage @smoke @regression","webkit","2026-09-05","skipped","2026-09-05","Login With Existing User","ui/UserManagement/Test_002_LoginWithExistingUser.spec.ts","",""
"","0","UI_REF_01: Transparent Client Request Retry @regression","firefox","2026-09-05","skipped","2026-09-05","JWT Expiration & Silent Refresh UI Suite","ui/Refresh/Test_006_JwtRefreshValidation.spec.ts","",""
"","0","UI_CAT_04: Search - No Results @regression","firefox","2026-09-05","skipped","2026-09-05","Book Catalog Search and Detail View","ui/BookCatalog/Test_002_SearchAndDetailCatalog.spec.ts","",""
"","15840","WS_EVENT_02: Hot-Toast Alert Trigger @regression","mobile-chrome","2026-09-05","failed","2026-09-05","WebSockets Event & Resilience Suite","ui/WebSockets/Test_008_WebSocketResilienceValidation.spec.ts","",""
"","16405","Testcase 3: Password Strength Indicator @regression","mobile-chrome","2026-09-05","failed","2026-09-05","Register New User","ui/UserManagement/Test_001_RegisterUser.spec.ts","",""
"","17145","UI_WIZ_04: Dirty Navigation Alert Dialog @regression","mobile-chrome","2026-09-05","failed","2026-09-05","Multi-Step Checkout Wizard","ui/Checkout/Test_004_CheckoutWizardValidation.spec.ts","",""
"","0","A11Y_04: Text Color Contrast Scan Failure @regression @chaos @a11y","webkit","2026-09-05","skipped","2026-09-05","Accessibility (a11y) Scans Suite","ui/A11y/Test_007_A11yScanValidation.spec.ts","",""
"","0","Testcase 5: Negative: String instead of number @regression","firefox","2026-09-05","skipped","2026-09-05","Books API - List and Security","api/BookCatalog/Test_001_BooksApi.spec.ts","",""
"","1452","UI_CAT_03: Search Filtering @regression","chromium","2026-09-05","passed","2026-09-05","Book Catalog Search and Detail View","ui/BookCatalog/Test_002_SearchAndDetailCatalog.spec.ts","",""
"","0","UI_CART_04: Cart item addition and removal dynamically recalculates item count and order total @regression","mobile-safari","2026-09-05","skipped","2026-09-05","Cart Quantity & Total Adjustment","ui/Checkout/Test_006_CartQuantityAdjustment.spec.ts","",""
"","0","UI_STYLE_02: Catalog Grid Layout Responsiveness @regression","webkit","2026-09-05","skipped","2026-09-05","Modern UI Styling & Layout Suite","ui/Styling/Test_009_UIStyleAndLayoutValidation.spec.ts","",""
"","23482","Testcase 1: Complete checkout after cart persists across logout and login @smoke @regression","mobile-chrome","2026-09-05","failed","2026-09-05","Cart Persistence Checkout","ui/Checkout/Test_002_CartPersistenceCheckout.spec.ts","",""
"","0","WS_EVENT_01: Broadcasted Event Reception @smoke @regression","webkit","2026-09-05","skipped","2026-09-05","WebSockets Event & Resilience Suite","ui/WebSockets/Test_008_WebSocketResilienceValidation.spec.ts","",""
"","980","Testcase 3: Pagination: Standard page 2 (page=2, limit=5) @regression","chromium","2026-09-05","passed","2026-09-05","Books API - List and Security","api/BookCatalog/Test_001_BooksApi.spec.ts","",""
"","0","Testcase 9: Negative: POST /api/login should reject empty password @regression","firefox","2026-09-05","skipped","2026-09-05","Login API - Positive, Negative and Security","api/UserManagement/Test_001_RegisterAndLoginUser.spec.ts","",""
"","3174","API_CHAOS_02: Inject API latency @smoke @regression @chaos","mobile-chrome","2026-09-05","passed","2026-09-05","Chaos and Testing Utilities API","api/ChaosAndTesting/Test_001_ChaosAndTestingApi.spec.ts","",""
"","208","Testcase 9: Negative: POST /api/login should reject unregistered user @regression","chromium","2026-09-05","passed","2026-09-05","Login API - Positive, Negative and Security","api/UserManagement/Test_001_RegisterAndLoginUser.spec.ts","",""
"","1727","Testcase 3: Password Strength Indicator @regression","chromium","2026-09-05","passed","2026-09-05","Register New User","ui/UserManagement/Test_001_RegisterUser.spec.ts","",""
"","305","Testcase 8: Negative: POST /api/login should reject incorrect password @regression","chromium","2026-09-05","passed","2026-09-05","Login API - Positive, Negative and Security","api/UserManagement/Test_001_RegisterAndLoginUser.spec.ts","",""
"","258","API_INV_01: Trigger inventory report @smoke @regression","chromium","2026-09-05","passed","2026-09-05","Cart & Inventory API","api/CartAndInventory/Test_001_CartAndInventoryApi.spec.ts","",""
"","0","Testcase 3: Pagination: Minimum limit (page=1, limit=1) @regression","mobile-safari","2026-09-05","skipped","2026-09-05","Books API - List and Security","api/BookCatalog/Test_001_BooksApi.spec.ts","",""
"","187","Testcase 11: Security: POST /api/login should handle SQL injection pattern in username without server error or sensitive leakage @regression","chromium","2026-09-05","passed","2026-09-05","Login API - Positive, Negative and Security","api/UserManagement/Test_001_RegisterAndLoginUser.spec.ts","",""
"","3843","Verify Books Count in pagination @smoke @regression","chromium","2026-09-05","passed","2026-09-05","Initial Catalog","ui/BookCatalog/Test_001_InitialCatalog.spec.ts","",""
"","673","Testcase 6: Security: Request without Content-Type header should be handled @regression","chromium","2026-09-05","passed","2026-09-05","Books API - List and Security","api/BookCatalog/Test_001_BooksApi.spec.ts","",""
"","577","Testcase 7: Defaults: Verify API works without query parameters @smoke @regression","mobile-chrome","2026-09-05","passed","2026-09-05","Books API - List and Security","api/BookCatalog/Test_001_BooksApi.spec.ts","",""
"","0","API_REF_02: Refresh Token Issuance @smoke @regression","webkit","2026-09-05","skipped","2026-09-05","Token Refresh and Profile Upload API Suite","api/UserManagement/Test_002_TokenRefreshAndProfileApi.spec.ts","",""
"","0","API_LOG_01: Correlation ID Header Generation @smoke @regression","firefox","2026-09-05","skipped","2026-09-05","Structured JSON Logging & Correlation ID API Suite","api/Logging/Test_001_LoggingAndCorrelationApi.spec.ts","",""
"","214","Testcase 13: Security: GET /api/cart without auth cookies should return 401 Unauthorized @smoke @regression","chromium","2026-09-05","passed","2026-09-05","Login API - Positive, Negative and Security","api/UserManagement/Test_001_RegisterAndLoginUser.spec.ts","",""
"","0","VIS_REG_08: Book Card Text Line Height Chaos @regression @chaos","firefox","2026-09-05","skipped","2026-09-05","Visual Regression & Layout Chaos Suite","ui/VisualRegression/Test_010_VisualRegressionChaos.spec.ts","",""
"","0","WS_CONN_01: WebSocket State Indicator @smoke @regression","mobile-safari","2026-09-05","skipped","2026-09-05","WebSockets Event & Resilience Suite","ui/WebSockets/Test_008_WebSocketResilienceValidation.spec.ts","",""
"","0","Testcase 5: Negative: Negative page number @regression","webkit","2026-09-05","skipped","2026-09-05","Books API - List and Security","api/BookCatalog/Test_001_BooksApi.spec.ts","",""
"","0","TC-CONC-001: Concurrent buyers competing for final stock unit (stock = 1) results in exactly one 200 OK and one 409 Conflict @smoke @regression @chaos","mobile-safari","2026-09-05","skipped","2026-09-05","Concurrent Stock Race Condition & Chaos Dashboard Resilience","ui/Checkout/Test_007_ConcurrentStockRaceCondition.spec.ts","",""
"","0","Testcase 3: Negative: POST /api/register should reject duplicate usernames @smoke @regression","mobile-safari","2026-09-05","skipped","2026-09-05","Register User API - Positive, Negative, Contract and Security","api/UserManagement/Test_001_RegisterAndLoginUser.spec.ts","",""
"","0","Testcase 9: Negative: POST /api/login should reject empty username @regression","webkit","2026-09-05","skipped","2026-09-05","Login API - Positive, Negative and Security","api/UserManagement/Test_001_RegisterAndLoginUser.spec.ts","",""
"","0","VIS_REG_07: Checkout Button Margin Shift @regression @chaos","mobile-safari","2026-09-05","skipped","2026-09-05","Visual Regression & Layout Chaos Suite","ui/VisualRegression/Test_010_VisualRegressionChaos.spec.ts","",""
"","0","UI_CART_04: Cart item addition and removal dynamically recalculates item count and order total @regression","firefox","2026-09-05","skipped","2026-09-05","Cart Quantity & Total Adjustment","ui/Checkout/Test_006_CartQuantityAdjustment.spec.ts","",""
"","0","Testcase 5: Security: POST /api/register should handle oversized username without server error or sensitive leakage @regression","mobile-safari","2026-09-05","skipped","2026-09-05","Register User API - Positive, Negative, Contract and Security","api/UserManagement/Test_001_RegisterAndLoginUser.spec.ts","",""
"","0","Testcase 2: Negative: POST /api/register should reject missing username @regression","webkit","2026-09-05","skipped","2026-09-05","Register User API - Positive, Negative, Contract and Security","api/UserManagement/Test_001_RegisterAndLoginUser.spec.ts","",""
"","0","API_INV_01: Trigger inventory report @smoke @regression","firefox","2026-09-05","skipped","2026-09-05","Cart & Inventory API","api/CartAndInventory/Test_001_CartAndInventoryApi.spec.ts","",""
"","0","UI_REF_02: Session Expiry Redirection @smoke @regression","firefox","2026-09-05","skipped","2026-09-05","JWT Expiration & Silent Refresh UI Suite","ui/Refresh/Test_006_JwtRefreshValidation.spec.ts","",""
"","220","Testcase 5: Security: POST /api/register should handle oversized username without server error or sensitive leakage @regression","mobile-chrome","2026-09-05","passed","2026-09-05","Register User API - Positive, Negative, Contract and Security","api/UserManagement/Test_001_RegisterAndLoginUser.spec.ts","",""
"","219","Testcase 9: Negative: POST /api/login should reject missing username @regression","mobile-chrome","2026-09-05","passed","2026-09-05","Login API - Positive, Negative and Security","api/UserManagement/Test_001_RegisterAndLoginUser.spec.ts","",""
"","0","Testcase 11: Security: POST /api/login should handle SQL injection pattern in username without server error or sensitive leakage @regression","firefox","2026-09-05","skipped","2026-09-05","Login API - Positive, Negative and Security","api/UserManagement/Test_001_RegisterAndLoginUser.spec.ts","",""
"","0","TC-CONC-001: Concurrent buyers competing for final stock unit (stock = 1) results in exactly one 200 OK and one 409 Conflict @smoke @regression @chaos","webkit","2026-09-05","skipped","2026-09-05","Concurrent Stock Race Condition & Chaos Dashboard Resilience","ui/Checkout/Test_007_ConcurrentStockRaceCondition.spec.ts","",""
"","0","UI_WIZ_04: Dirty Navigation Alert Dialog @regression","mobile-safari","2026-09-05","skipped","2026-09-05","Multi-Step Checkout Wizard","ui/Checkout/Test_004_CheckoutWizardValidation.spec.ts","",""
"","0","UI_AUTH_06: Direct unauthenticated navigation to protected routes redirects to Login @smoke @regression","mobile-safari","2026-09-05","skipped","2026-09-05","Protected Route Access Guard","ui/UserManagement/Test_003_ProtectedRouteGuard.spec.ts","",""
"","0","Testcase 5: Negative: Zero limit @regression","firefox","2026-09-05","skipped","2026-09-05","Books API - List and Security","api/BookCatalog/Test_001_BooksApi.spec.ts","",""
"","6685","UI_WIZ_03: Wizard Back Step History preservation @regression","chromium","2026-09-05","passed","2026-09-05","Multi-Step Checkout Wizard","ui/Checkout/Test_004_CheckoutWizardValidation.spec.ts","",""
"","798","Testcase 3: Pagination: Minimum limit (page=1, limit=1) @regression","mobile-chrome","2026-09-05","passed","2026-09-05","Books API - List and Security","api/BookCatalog/Test_001_BooksApi.spec.ts","",""
"","0","API_TEST_01: Global reset clears all non-default users and carts @smoke @regression","mobile-safari","2026-09-05","skipped","2026-09-05","Chaos and Testing Utilities API","api/ChaosAndTesting/Test_001_ChaosAndTestingApi.spec.ts","",""
"","198","Testcase 5: Security: POST /api/register should handle SQL injection pattern in username without server error or sensitive leakage @regression","chromium","2026-09-05","passed","2026-09-05","Register User API - Positive, Negative, Contract and Security","api/UserManagement/Test_001_RegisterAndLoginUser.spec.ts","",""
"","0","Testcase 1: Positive and Contract: POST /api/register should register a user and allow login @smoke @regression","firefox","2026-09-05","skipped","2026-09-05","Register User API - Positive, Negative, Contract and Security","api/UserManagement/Test_001_RegisterAndLoginUser.spec.ts","",""
"","0","A11Y_01: Standard Accessibility Compliance @smoke @regression @a11y","firefox","2026-09-05","skipped","2026-09-05","Accessibility (a11y) Scans Suite","ui/A11y/Test_007_A11yScanValidation.spec.ts","",""
